name,food_tags,mood_tags,address,neighborhood,latitude,longitude,rating,reviews_count,price_level,phone,website,hours,permanently_closed,temporarily_closed,maps url,status
1105,,,"Kristen Bernikows Gade 4, 1105 København",Indre By,55.6805305,12.5823574,4.5,,,,http://1105.dk/,Permanently closed,Yes,No,https://www.google.com/maps/place/1105/data=!4m2!3m1!1s0x46525317624a1e57:0x25dcef41656d4f9,success
1656,Cocktails,Bar,"Gasværksvej 33, 1656 København",Vesterbro,55.6699318,12.5583188,4.6,836,,,http://1656.dk/,Closed · Opens 6.00 pm Tue,No,No,https://www.google.com/maps/place/1656+Cocktail+Bar/data=!4m2!3m1!1s0x465253737cad5685:0xf0a8ed94a98c290f,success
20 Grams,Coffee,Cafe,"Rosengården 13, 1174 København",Indre By,55.6822883,12.5723634,4.5,"1,369",,,https://www.20grams.dk/,Open · Closes 6.45 pm,No,No,https://www.google.com/maps/place/20+Grams+-+Specialty+Coffee+Shop/data=!4m2!3m1!1s0x4652539d0b519b5f:0x82e618e7956901eb,success
Admiralgade 26,French,Restaurant,"Admiralgade 26, 1066 København",Indre By,55.677616,12.5821043,4.6,367,,33 33 79 73,http://www.admiralgade26.dk/,Open · Closes 3.00 pm,No,No,https://www.google.com/maps/place/Admiralgade+26/data=!4m2!3m1!1s0x46525316f95cfe69:0xb08ee1096cccbe38,success
Ahaaa,Mediterranean,Restaurant,"Blågårdsgade 21, 2200 København",Nørrebro,55.6864931,12.5584118,4.4,681,,35 39 00 85,http://ahaaa.dk/,Permanently closed,Yes,No,https://www.google.com/maps/place/Ahaaa/data=!4m2!3m1!1s0x4652530770b83b05:0xe809503556ace9b5,success
Alice Ice Cream & Coffee,Fastelavnsbolle; Ice Cream,Cafe,"Markmandsgade 1, Amagerbrogade 5, 2300 København",Amager,55.6684086,12.5970575,4.4,653,,,https://www.earnest-eats.dk/projects-1/alice-63gjd,Open · Closes 5.00 pm,No,No,https://www.google.com/maps/place/Alice+Ice+Cream+%26+Coffee/data=!4m2!3m1!1s0x4652533874b25553:0x24522c2aa3dffe0d,success
Alouette,New Nordic,Restaurant,"Kronprinsessegade 8, 1306 København",Indre By,55.6831601,12.581445,4.7,476,,31 67 66 06,http://www.restaurantalouette.dk/,Closed · Opens 5.00 pm Wed,No,No,https://www.google.com/maps/place/Alouette/data=!4m2!3m1!1s0x46525347f7eb7a71:0xe9ea3632823a9a34,success
Andersen & Maillard,Fastelavnsbolle; Pastry,Cafe,"Nørrebrogade 62, 2200 København",Nørrebro,55.6903659,12.5551042,4.4,"2,098",,,https://www.andersenmaillard.dk/,Open · Closes 6.00 pm,No,No,https://www.google.com/maps/place/Andersen+%26+Maillard/data=!4m2!3m1!1s0x46525248586eef61:0x937ff35354fafcad,success
Andersen Bakery,Fastelavnsbolle; Pastry,Cafe,"Thorshavnsgade 26, 2300 København",Amager,55.6672402,12.5785336,4.6,"2,950",,33 75 07 35,https://andersen-bakery-eu.dk/,Open · Closes 6.00 pm,No,No,https://www.google.com/maps/place/Andersen+Bakery/data=!4m2!3m1!1s0x4652530d731eb667:0x421b0fb5b128311,success
Apotek 57,Coffee; Brunch,Cafe; Shop,"Fredericiagade 57, 1310 København",Indre By,55.6869872,12.5857865,4.0,"1,074",,31 40 60 30,https://framacph.com/blogs/stores/apotek-57,Open · Closes 4.00 pm,No,No,https://www.google.com/maps/place/Apotek+57/data=!4m2!3m1!1s0x465253935f555031:0x84a8f1afe517838f,success
Ard Bakery,Fastelavnsbolle; Pastry,Bakery,"Peter Bangs Vej 95, 2000 Frederiksberg",Frederiksberg,55.678465,12.501709,4.4,258,,31 31 38 24,http://www.ardbakery.dk/,Open · Closes 5.00 pm,No,No,https://www.google.com/maps/place/Ard+Bakery/data=!4m2!3m1!1s0x465253c30d306aa7:0x96cdb8507c16e76c,success
Atelier September,Brunch,Cafe,"Kronprinsessegade 62, 1306 København",Indre By,55.6873916,12.5849268,3.8,"1,022",,60 16 80 39,https://cafeatelierseptember.com/,Open · Closes 6.00 pm,No,No,https://www.google.com/maps/place/Atelier+September/data=!4m2!3m1!1s0x465253407fbd819b:0x5563127a7f7e056d,success
B&W Brunch,Brunch; Buffet,Restaurant,"Vesterbrogade 149, 1620 København",Vesterbro,55.6695664,12.5387381,4.3,160,,93 88 81 29,http://www.bogwbrunch.dk/,Closed · Opens 9.30 am Sat,No,No,https://www.google.com/maps/place/B%26W+Brunch/data=!4m2!3m1!1s0x4652539a171ec743:0xf27581fac53cabb,success
Banegaarden,Street Food,Restaurant; Al Fresco,"Otto Busses Vej 45, 2450 København",Sydhavn,55.6584559,12.5426132,4.2,"1,212",,,http://www.banegaarden.com/,,No,No,https://www.google.com/maps/place/Banegaarden/data=!4m2!3m1!1s0x465253828da72089:0x4b84c9d6f6839edc,success
Barabba,Italian,Restaurant,"Store Kongensgade 34, 1264 København",Indre By,55.6826053,12.5864333,4.2,651,,33 10 10 40,http://www.barabba.dk/,,No,No,https://www.google.com/maps/place/Barabba/data=!4m2!3m1!1s0x465253185b416dd9:0x27c5b281a568f474,success
Baryl Frederiksberg,Brunch,Restaurant; Cafe,"Holger Danskes Vej 64, 2000 Frederiksberg",Frederiksberg,55.6877733,12.5332913,4.5,335,,30 14 39 34,http://www.baryl.dk/,,No,No,https://www.google.com/maps/place/Baryl+Frederiksberg/data=!4m2!3m1!1s0x465253d41583267b:0xaafd96a031a6ea46,success
Beau Marché,Wine,Bar,"Ny Østergade 32, 1101 København",Indre By,55.6820456,12.581446,4.2,360,,55 77 14 30,http://beaumarche.dk/,,No,No,https://www.google.com/maps/place/Beau+March%C3%A9+Caf%C3%A9+%C3%A0+Vins/data=!4m2!3m1!1s0x46525319ed70f621:0xe0b1b9911a9a6cc8,success
BonBon Ice,Ice Cream,Al Fresco,"Andebakkesti 4, 2000 Frederiksberg",Frederiksberg,55.6787518,12.5274182,4.7,306,,21 68 01 04,http://bonbonice.dk/,Temporarily closed,No,Yes,https://www.google.com/maps/place/BonBon+Ice/data=!4m2!3m1!1s0x465253be85519fef:0xb2042616add4053c,success
BRUS,Beer,Bar,"Guldbergsgade 29, 2200 København",Nørrebro,55.6921531,12.5561452,4.5,"3,956",,75 22 22 00,http://tapperietbrus.dk/,,No,No,https://www.google.com/maps/place/BRUS/data=!4m2!3m1!1s0x464b8b471e46ee37:0x1344df1d782c450,success
BRYGGENS SPISEHUS,Danish,Restaurant; Al Fresco,"Islands Brygge 18, 2300 København",Amager,55.666959,12.576411,4.1,724,,32 54 00 82,http://bryggens.dk/,Open · Closes 10.00 pm,No,No,https://www.google.com/maps/place/BRYGGENS+SPISEHUS/data=!4m2!3m1!1s0x4652536ba59fbbfb:0xe635cb8faa3744b3,success
Buka,Pastry,Bakery,"Store Kongensgade 18, 1264 København",Indre By,55.6819717,12.5858709,4.4,"2,189",,53 78 85 86,http://buka-bakery.com/,Open · Closes 6.00 pm,No,No,https://www.google.com/maps/place/Buka/data=!4m2!3m1!1s0x465253af4ebdffa7:0xf8ebf993e5128c15,success
Bæst,Pizza,Restaurant,"Guldbergsgade 29, 2200 København",Nørrebro,55.6923117,12.5560779,4.2,"2,978",,31 63 62 90,http://baest.dk/,Closed · Opens 5.00 pm,No,No,https://www.google.com/maps/place/B%C3%A6st/data=!4m2!3m1!1s0x4652539fdf087b7d:0x2d53b8ea6d057d5e,success
Cadence,Brunch,Restaurant; Cafe,"Ny Carlsberg Vej 40, 1760 København",Vesterbro,55.6666049,12.5390556,4.2,583,,93 10 33 68,http://www.cadencecph.dk/,Permanently closed,Yes,No,https://www.google.com/maps/place/Cadence/data=!4m2!3m1!1s0x465253af6a43f145:0x363d733582017eae,success
Cafe Ermanno,Coffee,Restaurant,"Store Strandstræde 11, 1255 København",Indre By,55.6811586,12.588614,4.4,653,,,,Open · Closes 8.30 pm,No,No,https://www.google.com/maps/place/Cafe+Ermanno/data=!4m2!3m1!1s0x46525322a71c2609:0x245142172929cec4,success
Cafe Kodan,Coffee,Cafe,"Falkoner Alle 24a, 2000 Frederiksberg",Frederiksberg,55.6805996,12.5341843,4.5,241,,50 51 26 69,https://www.instagram.com/cafekodan,,No,No,https://www.google.com/maps/place/Cafe+Kodan/data=!4m2!3m1!1s0x465253746aaae4d5:0xb54b99c5084ca870,success
Cafe Væksthuset,Coffee,Cafe; Al Fresco,"Grønnegårdsvej 15, 1870 Frederiksberg",Frederiksberg,55.6809428,12.5404364,4.0,228,,,https://www.facebook.com/havajavavaeksthuset/,Open · Closes 5.00 pm,No,No,https://www.google.com/maps/place/Cafe+V%C3%A6ksthuset/data=!4m2!3m1!1s0x465253a3630db683:0x2848309b4b43db3f,success
Cakenhagen Vesterbrogade,Fastelavnsbolle,Cafe,"Vesterbrogade 1, 1620 København",Vesterbro,55.6751205,12.5666843,4.6,105,,88 70 00 00,https://www.tivoli.dk/mad-og-drikke/is-og-soedt/cakenhagen?utm_source=google&utm_medium=organic&utm_campaign=gbp-cakenhagen-vesterbrogade,Open · Closes 6.00 pm,No,No,https://www.google.com/maps/place/Cakenhagen+Vesterbrogade/data=!4m2!3m1!1s0x4652536a1363f95b:0x6e5ec14d6e846534,success
Cantina,Italian,Restaurant,"Borgergade 2, 1300 København",Indre By,55.6823503,12.5842569,4.1,"2,168",,88 16 99 95,http://www.cantinacph.dk/,Open · Closes 12.00 am,No,No,https://www.google.com/maps/place/Cantina/data=!4m2!3m1!1s0x46525319b69b8335:0x83000c75518a7477,success
Cascabel,Coffee; Pastry,Bakery,"Store Kongensgade 78, 1264 København",Indre By,55.6849377,12.5884071,3.3,133,,,,Open 24 hours,No,No,https://www.google.com/maps/place/Cascabel/data=!4m2!3m1!1s0x4652533145546323:0x48ab4a6a974f294a,success
Cava Café - Brunch,Brunch; Coffee,Cafe,"Kongedybet 28, 2300 København",Amager,55.6634836,12.597497,4.6,256,,50 21 45 02,http://cavacafe.dk/,Open · Closes 4.00 pm,No,No,https://www.google.com/maps/place/Cava+Caf%C3%A9+-+Brunch/data=!4m2!3m1!1s0x465253d40a08ff89:0x8e55c37ce9bc44fb,success
cleo,New Nordic,Restaurant,"Rantzausgade 58B, 2200 København",Nørrebro,55.6878264,12.5464077,4.4,211,,38 42 42 49,https://restaurantcleo.dk/,Closed · Opens 5.00 pm,No,No,https://www.google.com/maps/place/cleo/data=!4m2!3m1!1s0x4652537f0dbd37ef:0xdddb9dd6c67367bd,success
Coffee Collective,Coffee,Cafe,"Godthåbsvej 34B, 2000 Frederiksberg",Frederiksberg,55.6870661,12.5334523,4.6,814,,60 15 15 25,https://coffeecollective.dk/,Open · Closes 7.00 pm,No,No,https://www.google.com/maps/place/Coffee+Collective+Godth%C3%A5bsvej/data=!4m2!3m1!1s0x465253ad94236fed:0x2958fa62b6290d9a,success
Collective Bakery,Fastelavnsbolle,Bakery,"Nørrebrogade 176, 2200 København",Nørrebro,55.6967659,12.5455458,4.3,158,,31 36 75 33,https://coffeecollective.dk/pages/coffee-shop/collective-bakery,Open · Closes 5.00 pm,No,No,https://www.google.com/maps/place/Collective+Bakery/data=!4m2!3m1!1s0x4652537daeda7453:0x4b4a8ef15339e121,success
Conditori La Glace,Pastry,Restaurant,"Skoubogade 3, 1158 København",Indre By,55.6785921,12.5735765,4.4,"2,949",,33 14 46 46,https://laglace.dk/da/,Open · Closes 6.00 pm,No,No,https://www.google.com/maps/place/Conditori+La+Glace/data=!4m2!3m1!1s0x46525311adf13159:0x71dd10b224c56a51,success
Copenhagen Contemporary,For Thought,Museum,"Refshalevej 173A, 1432 København",Refshaleøen,55.6935405,12.613569,4.4,"2,154",,,http://copenhagencontemporary.org/,Open · Closes 6.00 pm,No,No,https://www.google.com/maps/place/Copenhagen+Contemporary/data=!4m2!3m1!1s0x4652533b4ae238fd:0x55309cfc552be410,success
DAC Café,New Nordic,Restaurant; Al Fresco,"Bryghuspladsen 10, 1473 København",Indre By,55.6720619,12.5791566,3.9,119,,29 65 53 96,https://dac.dk/en/cafe/,Open · Closes 9.00 pm,No,No,https://www.google.com/maps/place/DAC+Caf%C3%A9/data=!4m2!3m1!1s0x46525388e532c0cd:0x9e580fe4605d3603,success
Dahl & Dahl,Wine,Bar,"Dronningens Tværgade 6, 1302 København",Indre By,55.6834313,12.5881155,4.0,285,,82 30 40 44,https://www.dahl-dahl.dk/?utm_source=GMB&utm_medium=organisk,Closed · Opens 5.00 pm Thu,No,No,https://www.google.com/maps/place/Dahl+%26+Dahl/data=!4m2!3m1!1s0x465253188ed6c64d:0xfe34673303f2ed12,success
Damhuskanten,Ice Cream,Al Fresco,"Damhusdæmningen 2B, 2720 København",Vanløse,55.681431,12.473337,4.1,797,,20 44 29 92,http://damhuskanten.dk/,Open · Closes 9.00 pm,No,No,https://www.google.com/maps/place/Damhuskanten/data=!4m2!3m1!1s0x465251678c4dd39d:0x1e2d14487fa3fd4b,success
Daniali & Schiøtz,Pastry,Cafe,"Falkoner Alle 36, 2000 Frederiksberg",Frederiksberg,55.6819882,12.5350209,4.5,274,,50 58 98 29,https://instagram.com/danialischioetz?igshid=MzRlODBiNWFlZA==,Open · Closes 5.00 pm,No,No,https://www.google.com/maps/place/Daniali+%26+Schi%C3%B8tz+Bageri/data=!4m2!3m1!1s0x465253bb0c39fbc9:0xd8893949ef4fd779,success
Darcy’s Kaffe,Coffee,Cafe,"Rantzausgade 2, 2200 København",Nørrebro,55.6853205,12.5532862,4.6,705,,,http://www.darcyskaffe.dk/,Open · Closes 5.00 pm,No,No,https://www.google.com/maps/place/Darcy%E2%80%99s+Kaffe/data=!4m2!3m1!1s0x465253a14fb73023:0xd41a80b6eb1d16c7,success
Det Franske Konditori,Fastelavnsbolle,Bakery,"H. C. Ørsteds Vej 44, 1879 Frederiksberg",Frederiksberg,55.6810722,12.5492381,4.5,101,,35 35 15 46,http://detfranskeconditori.dk/,Open · Closes 5.30 pm,No,No,https://www.google.com/maps/place/Det+Franske+Konditori/data=!4m2!3m1!1s0x465253a6f108ad7d:0xa951017679515b2f,success
Det Vide Hus,Coffee,Cafe,"Gothersgade 113, 1123 København",Indre By,55.6841942,12.574646,4.6,550,,,https://www.facebook.com/detvidehus/,Open · Closes 5.00 pm,No,No,https://www.google.com/maps/place/Det+Vide+Hus/data=!4m2!3m1!1s0x4652531adea3191b:0x2f43ebc7bc1a76e7,success
Dilemma Vinbar,Wine,Bar,"Falkoner Alle 79, tv, 2000 Frederiksberg",Frederiksberg,55.6871768,12.5404169,4.9,35,,31 36 83 39,,Closed · Opens 4.00 pm Tue,No,No,https://www.google.com/maps/place/Dilemma+Vinbar/data=!4m2!3m1!1s0x4652537a51328677:0x8bf70cff6aaf339f,success
District Tonkin,Asian,Restaurant,"Store Kongensgade 71, 1264 København",Indre By,55.6850226,12.5881749,4.3,"1,248",,60 88 86 98,https://district-tonkin.com/,Open · Closes 9.30 pm,No,No,https://www.google.com/maps/place/District+Tonkin/data=!4m2!3m1!1s0x465253188cc24577:0xb19ab2ee771817,success
Dronning Louises Tehus,Tea; Afternoon Tea,Al Fresco,"det stråtækte hus for enden af stien, Ved Slotshaven 12, 2820 Gentofte",Gentofte,55.7557852,12.5485518,4.4,278,,31 32 39 60,https://www.dronninglouisestehus.dk/,Closed · Opens 1.00 pm Wed,No,No,https://www.google.com/maps/place/Dronning+Louises+Tehus/data=!4m2!3m1!1s0x46524dec40000001:0x904f36ab1bc67831,success
Empire Cinema,For Thought,Cinema,"Guldbergsgade 29F, 2200 København",Nørrebro,55.6918605,12.5558206,4.4,"2,114",,35 36 00 36,http://www.empirebio.dk/,,No,No,https://www.google.com/maps/place/Empire+Cinema/data=!4m2!3m1!1s0x465253aafc260e13:0x551d83ab11eff35b,success
Enghave Plads 9,Wine; Beer,Bar,"Enghave Pl. 9, 1670 København",Vesterbro,55.66687,12.5466159,4.1,68,,,http://www.instagram.com/enghaveplads9,Open · Closes 12.00 am,No,No,https://www.google.com/maps/place/Enghave+Plads+9/data=!4m2!3m1!1s0x465253ed5f40027d:0xab8bd7d724876095,success
Enomania,Wine; Italian,Restaurant,"Vesterbrogade 187, 1800 Frederiksberg",Frederiksberg,55.6706794,12.5317449,4.8,466,,33 23 60 80,http://www.enomania.dk/,Closed · Opens 5.30 pm Tue,No,No,https://www.google.com/maps/place/Enomania/data=!4m2!3m1!1s0x46525397686e0f63:0x4d15f0a1a5bde6b0,success
Falernum,Wine,Bar; Cafe; Restaurant,"Værnedamsvej 16, 1619 København",Vesterbro,55.6740966,12.5500677,4.2,401,,28 30 69 60,https://www.falernum.dk/?utm_source=GBP&utm_medium=organic,Open · Closes 12.00 am,No,No,https://www.google.com/maps/place/Falernum/data=!4m2!3m1!1s0x465253a0138385ad:0xf7e46f1d3e3fd35a,success
Fanico,Portuguese,Restaurant,"Stubkaj 7F, 2150 København",Nordhavn,55.7096981,12.5944826,4.9,106,,21 80 00 18,https://www.instagram.com/fanicocph,Closed · Opens 11.00 am Wed,No,No,https://www.google.com/maps/place/Fanico/data=!4m2!3m1!1s0x46525370e404f063:0xe09aa36807cc9dac,success
Fleisch,Steak,Restaurant,"Slagterboderne 7, 1716 København",Vesterbro,55.6689887,12.5588229,4.4,"1,103",,61 68 14 19,https://fleisch.dk/?utm_source=google&utm_medium=organic&utm_campaign=gbp_fleisch,,No,No,https://www.google.com/maps/place/Fleisch/data=!4m2!3m1!1s0x465253739d0f18bf:0x41ae9faa65d7a9e3,success
Flere Fugle,Fastelavnsbolle; Pastry,Cafe,"Rentemestervej 57, 2400 København",Nordvest,55.7073855,12.524697,4.3,782,,93 63 42 01,http://www.flerefugle.dk/,,No,No,https://www.google.com/maps/place/Flere+Fugle/data=!4m2!3m1!1s0x465253d689f1f72f:0xed86676cfdfeb8ff,success
Frenchy,French; Brunch,Cafe,"Store Kongensgade 69B, 1264 København",Indre By,55.6849593,12.5881282,4.3,498,,31 45 64 46,http://www.frenchy.dk/,Temporarily closed,No,Yes,https://www.google.com/maps/place/Frenchy/data=!4m2!3m1!1s0x4652533dc224304b:0x6ee762670ccda854,success
Fru Jensens Fristelser (Lady Jensen's Temptations),Coffee; Brunch,Cafe; Al Fresco,"Godthåbsvej 173, 2720 København",Vanløse,55.6906737,12.5159492,4.3,192,,61 46 55 00,https://weblom.me/fru-jensens-fristelser-466166-da,,No,No,https://www.google.com/maps/place/Fru+Jensens+Fristelser+(Lady+Jensen's+Temptations)/data=!4m2!3m1!1s0x465253ced8efea81:0x9848af25588b68c3,success
Fuego,Steak,Restaurant,"Holbergsgade 14, 1057 København",Indre By,55.6781016,12.5890488,4.5,"1,039",,33 13 11 71,http://www.fuego.dk/,Closed · Opens 5.30 pm,No,No,https://www.google.com/maps/place/Fuego/data=!4m2!3m1!1s0x4652533d12c96351:0xbc49a3e00036e1a9,success
Gamma Bar,Beer,Bar,"Hejrevej 6B, 2400 København",Nordvest,55.7011115,12.5340975,4.6,144,,88 73 08 87,,,No,No,https://www.google.com/maps/place/Gamma+Bar+NV/data=!4m2!3m1!1s0x465253170c834455:0x6fc5cf281605b677,success
Gasoline Grill,Burgers,Al Fresco,"Landgreven 10, 1301 København",Indre By,55.683242,12.5851505,4.5,"6,752",,31 33 78 92,https://www.gasolinegrill.com/,Open · Closes 8.30 pm,No,No,https://www.google.com/maps/place/Gasoline+Grill/data=!4m2!3m1!1s0x46525319a9ee66e1:0xb6850b6a3fa2148a,success
Gemini,New Nordic,Restaurant,"Gl. Kongevej 10 fra søsiden, 1610 København",Vesterbro,55.6744087,12.5576238,4.2,820,,61 10 01 78,https://norrlyst.dk/gemini/,Open · Closes 4.00 pm · Reopens 5.00 pm,No,No,https://www.google.com/maps/place/Restaurant+Gemini/data=!4m2!3m1!1s0x465253d2dd8ed8a9:0x4633250a75aef71a,success
Godt,Brunch,Cafe,"Godthåbsvej 54, 2000 Frederiksberg",Frederiksberg,55.6873318,12.5303814,4.8,25,,60 20 00 19,,Open · Closes 5.00 pm,No,No,https://www.google.com/maps/place/Godt/data=!4m2!3m1!1s0x465253e1c2d58d83:0x35b434bd662a7238,success
Goldie,Brunch,Restaurant,"Griffenfeldsgade 22, 2200 København",Nørrebro,55.6883896,12.5545142,4.7,345,,53 88 20 58,https://www.elgoldie.dk/,,No,No,https://www.google.com/maps/place/Goldie/data=!4m2!3m1!1s0x465253c3f58332c9:0xfc9734394d2af25c,success
Gorda,Mexican,Restaurant,"Enghavevej 5, st, 1674 København",Vesterbro,55.6712103,12.5462163,4.7,499,,50 17 27 95,http://gorda.dk/,Closed · Opens 5.30 pm Tue,No,No,https://www.google.com/maps/place/Gorda/data=!4m2!3m1!1s0x46525347fbb9c939:0x965756790e10c452,success
Green Room/Scandic,Coffee; Wine,Bar; Hotel,"Falkoner Alle 9, 2000 København",Frederiksberg,55.6797384,12.5332089,4.1,103,,72 58 10 41,https://www.scandichotels.com/de/hotels/scandic-falkoner/green-room-restaurant?utm_source=google&utm_medium=organic&utm_campaign=gmb&utm_term=falkoner_greenroom,,No,No,https://www.google.com/maps/place/Green+Room+Restaurant+%26+Bar/data=!4m2!3m1!1s0x4652536213496dab:0x32512d9ccff2765a,success
H table,Asian,Restaurant,"Gyldenløvesgade 10, st.+kld, 1369 København",Indre By,55.680421,12.5629186,4.7,470,,60 59 88 00,http://www.htable.dk/,Temporarily closed,No,Yes,https://www.google.com/maps/place/H+table/data=!4m2!3m1!1s0x465253d989aa8331:0xa73732a62e00a592,success
HANS Coffee,Coffee,Cafe,"Boldhusgade 6, 1062 København",Indre By,55.6774217,12.5818373,4.6,"1,209",,30 86 49 22,https://www.instagram.com/hanscoffeecph,Open · Closes 5.00 pm,No,No,https://www.google.com/maps/place/CUB+Coffee+Bar+Boldhusgade/data=!4m2!3m1!1s0x46525316fa3faa25:0xc19c249d461adf1a,success
Hanzo,Asian,Restaurant; Al Fresco,"Solbjergvej 8, 2000 Frederiksberg",Frederiksberg,55.6810436,12.5315474,4.2,231,,32 27 42 26,https://www.madklubben.dk/restauranter/koebenhavn/hanzo/frederiksberg,Closed · Opens 5.00 pm,No,No,https://www.google.com/maps/place/Hanzo+Frederiksberg/data=!4m2!3m1!1s0x465253ce336d5ced:0xc02190792c521c72,success
Hart,Fastelavnsbolle; Pastry,Cafe; Al Fresco,"Galionsvej 41, 1437 København",Holmen,55.6795537,12.6011156,4.6,"1,186",,,https://hartbageri.com/,Open · Closes 7.00 pm,No,No,https://www.google.com/maps/place/Hart/data=!4m2!3m1!1s0x465253cca348bb6d:0xff9ebb5f16eb4a8e,success
Hart,Fastelavnsbolle; Pastry,Cafe; Al Fresco,"Høkerboderne 17, 1712 København",Vesterbro,55.6683338,12.5579368,4.5,730,,31 11 18 50,https://hartbageri.com/,Open · Closes 6.00 pm,No,No,https://www.google.com/maps/place/Hart/data=!4m2!3m1!1s0x465253d2e166eb75:0x2b7f981ec3b8ffc,success
HIAN,Asian,Restaurant,"Frederiksborggade 26, 1360 København",Indre By,55.6844152,12.5702114,4.2,418,,53 52 59 52,https://www.hian.dk/,Permanently closed,Yes,No,https://www.google.com/maps/place/HIAN+-+Vietnamese+Eatery+and+Drinks/data=!4m2!3m1!1s0x46525334e6364507:0xbaa7db9ebb76e59e,success
Homeland,Asian,Restaurant,"Nordre Fasanvej 158, st. th, 2000 Frederiksberg",Frederiksberg,55.6937951,12.5333654,4.6,194,,42 92 98 89,https://homelandkitchen.dk/?utm_source=GMBwebsite&utm_medium=organic&utm_campaign=Google%20My%20Business,Open · Closes 10.00 pm,No,No,https://www.google.com/maps/place/Homeland+Brasserie+%26+Caf%C3%A9/data=!4m2!3m1!1s0x465253b45d08cfeb:0x272710a0ded70443,success
Hongs Special Dim Sum Bar,Asian,Restaurant,"Nordre Fasanvej 52, 2000 Frederiksberg",Frederiksberg,55.6843248,12.5251265,4.4,151,,53 52 88 68,https://www.hongsspecial.dk/,Open · Closes 10.00 pm,No,No,https://www.google.com/maps/place/Hongs+Special+Dim+Sum+Bar+%E5%93%81%E7%B2%A4%E5%B1%85+%E7%82%B9%E5%BF%83+%E5%93%A5%E6%9C%AC%E5%93%88%E6%A0%B9/data=!4m2!3m1!1s0x46525339d2548d7d:0x2b0c637fb48e6b8c,success
Høst,New Nordic,Restaurant,"Nørre Farimagsgade 41, 1364 København",Indre By,55.6833518,12.5661528,4.6,"4,507",,89 93 84 09,https://cofoco.dk/hoest/?utm_source=google&utm_medium=organic&utm_campaign=gmb-website&utm_content=hoest,,No,No,https://www.google.com/maps/place/H%C3%B8st/data=!4m2!3m1!1s0x46525305ed0b0f45:0x9842c5cc03aa6e55,success
Impact Roasters,Coffee,Cafe,"Grøndals Parkvej 81, 2720 Frederiksberg",Vanløse,55.6856618,12.4987614,4.8,205,,20 83 94 75,http://impactroasters.dk/,Open · Closes 6.00 pm,No,No,https://www.google.com/maps/place/Impact+Roasters/data=!4m2!3m1!1s0x4652534d1f3618c7:0xef5fd492abb95000,success
io いほ,Tea,Cafe; Shop,"Blågårdsgade 15, st, th, 2200 København",Nørrebro,55.6868352,12.5588316,4.9,90,,30 29 58 02,http://www.io-te.dk/,Closed · Opens 12.00 pm Tue,No,No,https://www.google.com/maps/place/io+%E3%81%84%E3%81%BB/data=!4m2!3m1!1s0x465253fc60a5685f:0xc23aa7bc1d18dd7,success
Ipsen & Co,Brunch,Cafe,"Gl. Kongevej 108, 1850 Frederiksberg",Frederiksberg,55.6760018,12.5438388,4.5,492,,,http://www.ipsenogco.dk/,Open · Closes 5.30 pm,No,No,https://www.google.com/maps/place/Ipsen+%26+Co/data=!4m2!3m1!1s0x465253a2297df8ab:0x5913001be8a22239,success
Ismageriet,Ice Cream,Cafe; Al Fresco,"Flæsketorvet 45, 1711 København",Vesterbro,55.6681397,12.5605473,4.7,"1,004",,60 60 10 40,https://ismageriet.dk/pages/isbutik-kodbyen?utm_source=googlebusinessprofile&utm_medium=organic,Open · Closes 10.00 pm,No,No,https://www.google.com/maps/place/Ismageriet/data=!4m2!3m1!1s0x465253bff8d7cdb5:0x22a64338cf4e1b96,success
Ismageriet,Ice Cream,Cafe,"Rued Langgaards Vej 6e, 2300 København",Amager,55.6603249,12.5916172,4.7,"3,508",,60 60 10 40,https://ismageriet.dk/pages/isbutik-amager?utm_source=googlebusinessprofile&utm_medium=organic,,No,No,https://www.google.com/maps/place/Ismageriet/data=!4m2!3m1!1s0x465254b1b823aab5:0xefd2f5dea6643952,success
Istid,Ice Cream,Take Away,"Jægersborggade 13, 2200 København",Nørrebro,55.691979,12.5447886,4.6,456,,61 31 18 34,http://www.istid.dk/,Open · Closes 9.00 pm,No,No,https://www.google.com/maps/place/Istid/data=!4m2!3m1!1s0x465253ad947c30f1:0xd1ef3229d55a79d5,success
Judie,Smørrebrod,Restaurant,"Nyhavn 26, 1051 København K",Indre By,55.6796758,12.5906338,4.5,172,,61 47 17 44,https://www.judienyhavn.dk/,Closed · Opens 11.30 am Tue,No,No,https://www.google.com/maps/place/Judie/data=!4m2!3m1!1s0x465253bf46c2d5bd:0x387f06f8005cd884,success
Juju,Asian,Restaurant,"Øster Farimagsgade 8, 2100 København",Østerbro,55.6898642,12.5750572,4.0,299,,28 74 93 40,http://jujucph.dk/,Open · Closes 8.30 pm,No,No,https://www.google.com/maps/place/Restaurant+Juju/data=!4m2!3m1!1s0x4652532d1ffda0c7:0x28c5e36476181f37,success
Juno,Fastelavnsbolle; Pastry,Bakery,"Århusgade 48, 2100 København",Østerbro,55.7061815,12.5818152,4.7,"4,332",,,https://www.junothebakery.com/,Closed · Opens 7.30 am Tue,No,No,https://www.google.com/maps/place/Juno+the+bakery/data=!4m2!3m1!1s0x465252f035a89c17:0x11c1cda65903316,success
Ka'nalu,Coffee,Cafe; Al Fresco,"Skovvej 52, 2635 Ishøj",Ishøj,55.6038072,12.3853948,4.2,"1,033",,31 41 02 13,https://kanalu.dk/,Open · Closes 8.00 pm,No,No,https://www.google.com/maps/place/Ka'nalu+Cafe/data=!4m2!3m1!1s0x4652564b38b43f8f:0xe7478822fb7d2cff,success
Kadeau,New Nordic,Restaurant,"Wildersgade 10B, 1408 København",Indre By,55.6722944,12.5889809,4.7,520,,33 25 22 23,http://kadeau.dk/,Closed · Opens 6.00 pm Tue,No,No,https://www.google.com/maps/place/Kadeau/data=!4m2!3m1!1s0x4652539931768ed5:0xf58758d8147839b8,success
Kappo Ando,Asian,Restaurant,"Øster Farimagsgade 93, 2100 København",Østerbro,55.6953299,12.5793205,4.7,126,,29 82 97 46,http://www.kappoando.com/,Permanently closed,Yes,No,https://www.google.com/maps/place/Kappo+Ando/data=!4m2!3m1!1s0x465253926f350b8f:0xa7c03bf2943906d3,success
Kind Of Blue,Beer,Bar,"Ravnsborggade 17, 2200 København",Nørrebro,55.689123,12.5624428,4.6,412,,31 99 99 54,https://www.kindofblue.dk/,Closed · Opens 4.00 pm Tue,No,No,https://www.google.com/maps/place/Kind+Of+Blue/data=!4m2!3m1!1s0x46525300d73cc1ad:0xffe60ef7e5f8fe6d,success
Kissa,Cocktails,Al Fresco,"Vesterbrogade 47, 1620 København",Vesterbro,55.672001,12.5556148,4.7,163,,,http://www.jojo.dk/,Opens soon · 2.00 pm,No,No,https://www.google.com/maps/place/Kissa/data=!4m2!3m1!1s0x465253004f3d53af:0x5ec837862098a9f6,success
KU.BE,Coffee,Cafe,"Dirch Passers Allé 8A, 2000 Frederiksberg",Frederiksberg,55.6830558,12.5055737,4.4,"1,708",,28 98 09 24,http://kube.frederiksberg.dk/,Open · Closes 7.00 pm,No,No,https://www.google.com/maps/place/KU.BE/data=!4m2!3m1!1s0x465253c4aaff96db:0xb57528b2ddb703c5,success
Kung Fu,Asian,Restaurant,"Ravnsborggade 16B, 2200 København",Nørrebro,55.6889291,12.5625905,4.4,552,,40 63 69 76,http://kungfubar.dk/,Closed · Opens 5.00 pm,No,No,https://www.google.com/maps/place/Kung+Fu+Restaurant+%26+Izakaya+Ramen+Bar/data=!4m2!3m1!1s0x46525300d7aa0263:0x23663f9fb462619f,success
Københavns Bageri,Fastelavnsbolle,Bakery,"Flaskehalsen 22, 1799 København",Vesterbro,55.6646938,12.5354426,4.6,299,,,https://www.earnest-eats.dk/projects-1/koebenhavnsbageri,Open · Closes 6.00 pm,No,No,https://www.google.com/maps/place/K%C3%B8benhavns+Bageri/data=!4m2!3m1!1s0x4652532c32841b61:0x289933757748ada0,success
Københavns Toldbod,Brunch,Restaurant; Al Fresco,"Nordre Toldbod 18-24, 1259 København",Indre By,55.6896711,12.5998306,3.9,"2,308",,33 93 07 60,https://seasidecph.dk/,,No,No,https://www.google.com/maps/place/K%C3%B8benhavns+Toldbod/data=!4m2!3m1!1s0x46525320a2f39d8b:0x133478b9f8d51c59,success
Kødbyens Fiskebar,Fish,Restaurant,"Flæsketorvet 100, 1711 København",Vesterbro,55.6678839,12.5592894,4.3,"4,826",,32 15 56 56,https://fiskebaren.dk/,,No,No,https://www.google.com/maps/place/K%C3%B8dbyens+Fiskebar/data=!4m2!3m1!1s0x46525373be55afe9:0xfd964541f10941ef,success
Kølsters Tolv Haner,Beer,Bar,"Rantzausgade 56, 2200 København",Nørrebro,55.6875956,12.5470752,4.4,683,,,https://www.facebook.com/tolvhaner/,Closed · Opens 3.00 pm,No,No,https://www.google.com/maps/place/K%C3%B8lsters+Tolv+Haner/data=!4m2!3m1!1s0x465253aee1108fab:0x5b39eca27b06d5a2,success
La Banchina,Street Food,Cafe; Al Fresco,"Refshalevej 141, 1432 København",Refshaleøen,55.6893015,12.6109311,4.6,"1,834",,31 26 65 61,http://www.labanchina.dk/,,No,No,https://www.google.com/maps/place/La+Banchina/data=!4m2!3m1!1s0x465252d7e174647b:0x4b04e382875aca3e,success
La Cabra,Coffee; Fastelavnsbolle,Cafe,"Møntergade 3A, 1116 København",Indre By,55.6815858,12.5790398,4.4,715,,,http://www.lacabra.com/montergade,Open · Closes 6.00 pm,No,No,https://www.google.com/maps/place/La+Cabra/data=!4m2!3m1!1s0x4652531be6ee4763:0x5ed8f336225d6b3b,success
La Cabra,Coffee; Fastelavnsbolle,Cafe,"Århusgade 118X, 2150 København",Nordhavn,55.707163,12.5920549,4.6,116,,,https://lacabra.com/pages/nordhavn,Open · Closes 6.00 pm,No,No,https://www.google.com/maps/place/La+Cabra/data=!4m2!3m1!1s0x46525314a7b7ede7:0x3a4a1e0f4b65854f,success
La Vecchia Signora,Italian; Pizza,Restaurant,"Grønnegade 12 - 14, 1107 København",Indre By,55.6809327,12.5825617,4.4,"2,625",,33 16 00 48,http://www.lavecchiasignora.dk/,Open · Closes 4.00 pm · Reopens 5.00 pm,No,No,https://www.google.com/maps/place/La+Vecchia+Signora/data=!4m2!3m1!1s0x46525319df20559d:0xa860691093a0233d,success
LaLaLa,French,Restaurant,"Strandgade 98, 1401 København",Indre By,55.676634,12.5952404,4.3,473,,25 97 46 02,http://la-la-la.dk/,,No,No,https://www.google.com/maps/place/LaLaLa/data=!4m2!3m1!1s0x4652533b81a576b9:0x8ce31a0ede5998b5,success
Le Kaff,Coffee,Al Fresco,"Øresundsvej 158, 2300 København",Amager,55.6620153,12.631079,4.5,409,,31 31 09 99,https://www.instagram.com/pastabrostrand,Open · Closes 4.30 pm,No,No,https://www.google.com/maps/place/Le+Kaff/data=!4m2!3m1!1s0x4653acb831e73da9:0xb41ed5406e8e3eda,success
Le Week-End,,,"Enghavevej 20, 1674 København",Vesterbro,55.6698195,12.5453875,4.6,156,,88 27 64 44,http://www.leweekend.dk/,Permanently closed,Yes,No,https://www.google.com/maps/place/Le+Week-End/data=!4m2!3m1!1s0x465253d8a6be48a9:0x895782b23fdd25aa,success
Les Trois Cochons,French,Restaurant,"Værnedamsvej 10, 1619 København",Vesterbro,55.6737346,12.550013,4.1,"1,317",,33 31 70 55,https://cofoco.dk/les-trois-cochons/?utm_source=google&utm_medium=organic&utm_campaign=gmb-website&utm_content=les-trois-cochons,,No,No,https://www.google.com/maps/place/Les+Trois+Cochons/data=!4m2!3m1!1s0x465253a010351c9b:0x73bb746f9a137a3e,success
Lille Fugl,Coffee; Pastry,Cafe,"Gammel Strand 48, 1202 København",Indre By,55.6776012,12.5776634,4.3,150,,93 63 42 14,https://www.flerefugle.dk/lille-fugl,Open · Closes 6.00 pm,No,No,https://www.google.com/maps/place/Lille+Fugl/data=!4m2!3m1!1s0x465253007cc1c445:0x553596ebef4bd015,success
Lille Petra,Coffee,Cafe,"Kronprinsessegade 4, 1306 København",Indre By,55.68287,12.5811342,4.3,276,,53 88 02 33,https://www.andtradition.com/lille-petra,Open · Closes 4.30 pm,No,No,https://www.google.com/maps/place/Lille+Petra/data=!4m2!3m1!1s0x4652530c1e16c0cb:0x2cd85a831121afb0,success
Louisiana,New Nordic,Museum; Restaurant,"Gl Strandvej 13, 3050 Humlebæk",,55.969549,12.542784,4.6,"17,580",,49 19 07 19,https://louisiana.dk/,Closed · Opens 11.00 am Tue,No,No,https://www.google.com/maps/place/Louisiana+Museum+of+Modern+Art/data=!4m2!3m1!1s0x46523707c3549aab:0x6a2fb944af11904e,success
Madklubben,Danish,Restaurant,"Solbjergvej 6, 2000 Frederiksberg",Frederiksberg,55.6810973,12.5320849,4.1,952,,38 41 41 70,https://www.madklubben.dk/restauranter/koebenhavn/madklubben/frederiksberg,Permanently closed,Yes,No,https://www.google.com/maps/place/Madklubben+Frederiksberg/data=!4m2!3m1!1s0x465253bb8cda27fb:0x8ac757a0a1b1a88f,success
Magasasa,Asian,Restaurant,"Flæsketorvet 54, 56, 1711 København",Vesterbro,55.6670453,12.5588606,4.0,"1,502",,33 23 80 89,http://www.magasasa.dk/,,No,No,https://www.google.com/maps/place/Magasasa+Dim+Sum+%26+Cocktails/data=!4m2!3m1!1s0x46525373dcd5aafd:0x33c9d1e00e2957,success
Maison d'Angleterre,Fastelavnsbolle,Cafe; Hotel,"Østergade 2, 1100 København",Indre By,55.6803408,12.5847903,4.2,103,,78 79 51 87,https://www.dangleterre.com/en/maison-dangleterre?utm_source=maisonGMB&utm_medium=organic,Open · Closes 5.00 pm,No,No,https://www.google.com/maps/place/Maison+d'Angleterre/data=!4m2!3m1!1s0x46525300f88a9071:0x4b7db35f3b5ec14b,success
Manon Les Suites,For Thought,Hotel,"Gyldenløvesgade 19, 1600 København",Vesterbro,55.6803753,12.5613464,4.4,"1,613",,45 70 00 15,https://guldsmedenhotels.com/manon-les-suites/?utm_source=google&utm_medium=organic&utm_campaign=manon_gbp&utm_content=website_button,,No,No,https://www.google.com/maps/place/Manon+Les+Suites/data=!4m2!3m1!1s0x46525308d8b7d82f:0x58d26dfb640f0041,success
Meyers Bageri,Fastelavnsbolle,Bakery,"Jægersborggade 9, 2200 København",Nørrebro,55.691859,12.5449609,4.6,446,,25 10 11 34,https://meyers.dk/bageri/meyers-bagerier/meyers-bageri-jaegersborggade/,Open · Closes 6.00 pm,No,No,https://www.google.com/maps/place/Meyers+Bageri/data=!4m2!3m1!1s0x465253ad95201c67:0x5a4372488f3002af,success
Mielcke & Hurtigkarl,New Nordic,Restaurant,"Frederiksberg Runddel 1, 2000 Frederiksberg",Frederiksberg,55.6747223,12.5308566,4.7,296,,38 34 84 36,http://www.mhcph.com/,Closed · Opens 6.00 pm Wed,No,No,https://www.google.com/maps/place/Restaurant+Mielcke+%26+Hurtigkarl/data=!4m2!3m1!1s0x465253bd7d8b75bd:0xc046592bf85ceaca,success
Mikkeller & Friends,Beer,Bar,"Stefansgade 35, KLD, 2200 København",Nørrebro,55.6946351,12.5431784,4.6,"1,554",,35 83 10 20,https://mikkeller.com/locations/mikkeller-and-friends,Opens soon · 2.00 pm,No,No,https://www.google.com/maps/place/Mikkeller+%26+Friends/data=!4m2!3m1!1s0x465253b29700c4a5:0x1ad4782463fae099,success
Mikkeller Bar,Beer,Bar,,,55.869147,11.228027,,,,,,,No,No,https://www.google.com/maps/place/Mikkeller+Bar/data=\!4m2\!3m1\!1s0x46525374b2df023b:0xd76b2a988415e3b,success
Morsel Bao,Asian; Street Food,Restaurant; Take Away,"Godthåbsvej 48, st th, 2000 Frederiksberg",Frederiksberg,55.6871212,12.5313313,4.3,304,,91 88 87 41,http://www.herepho.dk/,,No,No,https://www.google.com/maps/place/Morsel+Bao/data=!4m2!3m1!1s0x465253c33aada8c1:0x1cdca44a3333140,success
Nagoya/Hufu,Asian,Restaurant,"DK, Sølvgade 84, 1307 København",Indre By,55.6897378,12.5741199,4.1,645,,22 74 44 42,https://hufu-sushi.dk/,Opens soon · 2.00 pm,No,No,https://www.google.com/maps/place/Restaurant+Nagoya/data=!4m2!3m1!1s0x4652530323898399:0xae656db8f82cbf7a,success
Nebbiolo,Wine,Bar,"Store Strandstræde 18, 1255 København",Indre By,55.6811463,12.5893179,4.5,743,,60 10 11 09,http://www.nebbiolo-winebar.com/,Closed · Opens 3.00 pm,No,No,https://www.google.com/maps/place/Nebbiolo+Winebar/data=!4m2!3m1!1s0x46525322a484b8db:0xd5a201e9403a0047,success
NENI/25h,Mediterranean,Restaurant; Hotel,"Pilestræde 65, 1112 København",Indre By,55.6816184,12.5769999,4.2,423,,88 77 24 20,https://nenifood.com/restaurants/kopenhagen,Open · Closes 3.00 pm · Reopens 5.00 pm,No,No,https://www.google.com/maps/place/NENI+Copenhagen/data=!4m2!3m1!1s0x46525308a55bdd09:0xb6ed5ef86613d3cd,success
Noma,New Nordic,Restaurant,"Refshalevej 96, 1432 København",Refshaleøen,55.6828273,12.6104808,4.6,"2,398",,32 96 32 97,https://noma.dk/,Closed · Opens 5.00 pm Wed,No,No,https://www.google.com/maps/place/Noma/data=!4m2!3m1!1s0x4652533b679080a5:0x42eaecc5eb37e114,success
Nærvær,New Nordic; Wine,Restaurant; Bar; Al Fresco,"Strandgade 87 E, 1401 København",Indre By,55.677212,12.5965141,3.9,634,,77 30 12 11,http://www.naervaer.dk/,Open · Closes 12.00 am,No,No,https://www.google.com/maps/place/N%C3%A6rv%C3%A6r/data=!4m2!3m1!1s0x4652533b71ddb2a7:0x251a5ffc72c27fb9,success
OMAR,New Nordic,Restaurant,"Refsnæsgade 32, 2200 København",Nørrebro,55.6958748,12.5562554,4.6,662,,27 51 52 57,https://www.restaurantomar.dk/,Open · Closes 12.00 am,No,No,https://www.google.com/maps/place/OMAR/data=!4m2!3m1!1s0x46525254c476dc27:0xd0212e0a3c02acb3,success
Original Coffee Illum Rooftop,Coffee,Cafe; Rooftop,"Østergade 60, 1100 København",Indre By,55.679095,12.579869,3.9,105,,28 75 63 12,http://www.originalcoffee.dk/,Open · Closes 8.00 pm,No,No,https://www.google.com/maps/place/Original+Coffee+Illum+Rooftop/data=!4m2!3m1!1s0x4652531738efffff:0xa5889022ec6d94c4,success
Paloma,Cocktails,Bar,"Guldbergsgade 51A, 2200 København",Nørrebro,55.6933849,12.5552351,4.7,257,,,http://palomacph.dk/,Closed · Opens 3.00 pm,No,No,https://www.google.com/maps/place/Paloma/data=!4m2!3m1!1s0x465253ab17a4f6f3:0x351ce783a5f82cb4,success
Paté Paté,New Nordic,Restaurant,"Slagterboderne 1, 1716 København",Vesterbro,55.6691778,12.5585798,4.2,"1,392",,,https://www.patepate.dk/?utm_source=GBP&utm_medium=organic,,No,No,https://www.google.com/maps/place/Pat%C3%A9+Pat%C3%A9/data=!4m2!3m1!1s0x46525373829a0b59:0x8878eeb558b5bcc4,success
Pauli,New Nordic,Restaurant,"Borgbjergsvej 13, 2450 København",Sydhavn,55.6517684,12.5379066,4.8,332,,31 21 49 90,https://paulicph.dk/,Temporarily closed,No,Yes,https://www.google.com/maps/place/Pauli/data=!4m2!3m1!1s0x4652533d6ca7f7bb:0x1f07d699b2a949e4,success
Pinden Bar,Cocktails; Beer,Bar,"Reventlowsgade 4, 1651 København",Vesterbro,55.6733667,12.5627836,4.3,294,,,https://www.instagram.com/pindenbar/,,No,No,https://www.google.com/maps/place/Pinden+Bar/data=!4m2!3m1!1s0x4652530ce5e2190f:0x97f491638c65edc4,success
POPL Burger,Burgers,Restaurant,"Strandgade 108, 1401 København",Indre By,55.6776052,12.5977571,4.0,"2,695",,32 96 32 92,https://poplburger.com/,,No,No,https://www.google.com/maps/place/POPL+Burger/data=!4m2!3m1!1s0x4652531d844fec25:0x2c8bd5cba93ff412,success
Poulette,Burgers,Take Away,"Møllegade 1, 2200 København",Nørrebro,55.6904923,12.5552853,3.9,"1,534",,,http://etteetteette.dk/poulette,Open · Closes 8.00 pm,No,No,https://www.google.com/maps/place/Poulette/data=!4m2!3m1!1s0x4652530e4aadfd59:0x8acb0aec1fb999e5,success
Propaganda,Asian,Restaurant,"Vester Farimagsgade 2, 1606 København",Vesterbro,55.6747759,12.5623375,4.2,354,,33 38 22 00,http://propagandakitchen.dk/,Closed · Opens 5.00 pm,No,No,https://www.google.com/maps/place/Propaganda+Kitchen+%26+Wine/data=!4m2!3m1!1s0x465253f4f79be187:0xaf2114d6b51cbf20,success
Pulp bar,Cocktails,Bar,"Sankt Hans Torv 3, 2200 København",Nørrebro,55.6904593,12.5604575,4.8,222,,,http://www.pulpbar.dk/,Closed · Opens 5.00 pm Tue,No,No,https://www.google.com/maps/place/Pulp+bar/data=!4m2!3m1!1s0x465253ab515d5365:0xc291f1e6c2701412,success
Radio,New Nordic,Restaurant,"Julius Thomsens Gade 12, 1632 København",Vesterbro,55.6821074,12.5544671,4.4,541,,25 10 27 33,http://www.restaurantradio.dk/,Closed · Opens 5.30 pm Tue,No,No,https://www.google.com/maps/place/Restaurant+Radio/data=!4m2!3m1!1s0x465253a78dc6a977:0x853407e553a7eafe,success
Ramen to Bíiru Vesterbro,Asian; Beer,Restaurant,"Enghavevej 58, 1674 København",Vesterbro,55.6656402,12.5429552,4.4,"1,897",,32 26 90 90,https://ramentobiiru.dk/vesterbro/,,No,No,https://www.google.com/maps/place/Ramen+to+B%C3%ADiru+Vesterbro/data=!4m2!3m1!1s0x4652539c530bd8f3:0xd8f3813013538bcf,success
Rebel,New Nordic,Restaurant,"Store Kongensgade 52, 1264 København",Indre By,55.6834256,12.5870961,4.3,450,,33 32 32 09,http://www.restaurantrebel.dk/,,No,No,https://www.google.com/maps/place/Rebel/data=!4m2!3m1!1s0x46525318ed96dea7:0x34760d4128185a37,success
Reffen,Street Food,Al Fresco,"Refshalevej 167, 1432 København",Refshaleøen,55.6936333,12.6082318,4.6,"13,238",,33 93 07 60,http://reffen.dk/,,No,No,https://www.google.com/maps/place/Reffen+-+Copenhagen+Street+Food/data=!4m2!3m1!1s0x465252d76903d127:0xdce7be4eb8549aa0,success
Restaurant Aure,New Nordic,Restaurant,"Krudtløbsvej 8, 1439 København",Holmen,55.6842488,12.6103819,4.8,102,,31 68 65 68,https://www.restaurantaure.dk/,Closed · Opens 6.00 pm Wed,No,No,https://www.google.com/maps/place/Restaurant+Aure/data=!4m2!3m1!1s0x465253c2d204ff57:0xa9773919c45f5246,success
Retour Steak,Steak,Restaurant,"Trommesalen 5, 1614 København",Vesterbro,55.6739472,12.5605354,4.3,"1,204",,33 16 17 19,https://restaurantretour.dk/,Closed · Opens 5.00 pm,No,No,https://www.google.com/maps/place/Retour+Steak+Vesterbro/data=!4m2!3m1!1s0x4652530c852f7501:0x50f69f404787665a,success
Rist,Coffee,Cafe,"Værnedamsvej 4, B, 1619 København",Vesterbro,55.6732518,12.5500816,4.5,316,,33 31 47 77,http://www.ristkaffebar.dk/,Open · Closes 7.00 pm,No,No,https://www.google.com/maps/place/Rist/data=!4m2!3m1!1s0x465253a0049e31ad:0xebf42b2d986d8455,success
Riviera,Fastelavnsbolle,Cafe,"Nansensgade 64, 1366 København",Indre By,55.6836487,12.5654745,4.4,284,,,,Open · Closes 4.00 pm,No,No,https://www.google.com/maps/place/Riviera/data=!4m2!3m1!1s0x4652536bbaa4ac13:0x34e841e7c3cc40fb,success
ROAST Coffee,Coffee,Cafe,"Vestmannagade 4, 2300 København",Amager,55.6683323,12.5795253,4.9,845,,,http://roast.com/,Open · Closes 6.00 pm,No,No,https://www.google.com/maps/place/ROAST+Coffee/data=!4m2!3m1!1s0x4652536aee25278d:0xcb7b34ee823a5849,success
Rondo,Fastelavnsbolle,Bakery,"Sjællandsgade 7, 2200 København",Nørrebro,55.6932303,12.5522123,4.5,310,,55 55 09 90,http://www.rondo.dk/,Open · Closes 5.00 pm,No,No,https://www.google.com/maps/place/Rondo/data=!4m2!3m1!1s0x4652537ae0a512b3:0x72b66bc2215f7ca4,success
Rufino Osteria,Italian,Restaurant,"Strandgade 14, 1401 København",Indre By,55.6733692,12.5891116,4.4,960,,53 79 77 48,https://www.rufino.dk/,Closed · Opens 5.00 pm,No,No,https://www.google.com/maps/place/Rufino+Osteria/data=!4m2!3m1!1s0x4652533e8a09277f:0xaef32cbb2b47510f,success
Rungsted Badestrand,,Al Fresco,2960 Hørsholm,,55.8831628,12.547861,4.4,46,,48 49 20 50,,,No,No,https://www.google.com/maps/place/Rungsted+Badestrand/data=!4m2!3m1!1s0x465249a3903b8151:0xd9c3be2632c2dbf2,success
San Marco JUNIOR,Brunch,Restaurant,"Falkoner Alle 10, 2000 Frederiksberg",Frederiksberg,55.6792282,12.5337791,4.6,"1,003",,33 24 95 76,https://www.sanmarcojunior.dk/,Open · Closes 11.00 pm,No,No,https://www.google.com/maps/place/San+Marco+JUNIOR/data=!4m2!3m1!1s0x465253bc8e511a85:0x47c403042c66e17c,success
Sidecar,Brunch,Restaurant,"Skyttegade 5, 2200 København",Nørrebro,55.6871005,12.5492969,4.5,"1,578",,20 99 97 27,https://sidecarnoerrebro.dk/?utm_source=GMBwebsite&utm_medium=organic&utm_campaign=Google%20My%20Business,,No,No,https://www.google.com/maps/place/Sidecar/data=!4m2!3m1!1s0x465253a92aa9b74d:0xd18e88bb0537695a,success
Skodsborg Spa Hotel,For Thought,Hotel,"Skodsborg Strandvej 139, 2942 Skodsborg",,55.819622,12.5741157,4.4,"1,366",,45 58 58 00,https://skodsborg.dk/,,No,No,https://www.google.com/maps/place/Skodsborg+Spa+Hotel/data=!4m2!3m1!1s0x46524c0faebbb323:0x6892f8b47044496c,success
Slowburn Brewing Co-op,Beer,Bar,"Fængselsvej 43, 2620 Albertslund",Albertslund,55.6603374,12.3469731,4.7,186,,31 31 35 41,https://slowburn.coop/,Closed · Opens 3.00 pm Wed,No,No,https://www.google.com/maps/place/Slowburn+Brewing+Co-op/data=!4m2!3m1!1s0x4652574f16779c53:0x3c5bd003e259e459,success
Social Foodies,Ice Cream,Al Fresco,"Vedbæk Strandvej 391, 2950 Vedbæk",,55.8502656,12.5688246,4.3,194,,22 10 05 90,http://www.socialfoodies.dk/,Open · Closes 10.00 pm,No,No,"https://www.google.com/maps/place/Social+Foodies,+Vedb%C3%A6k/data=!4m2!3m1!1s0x46524be018975609:0x5a14fd9f5f0c9bee",success
Sonny,Coffee,Cafe,"Frederiksberg Allé 12, 1820 Frederiksberg",Frederiksberg,55.673298,12.548232,4.2,192,,53 89 18 20,http://www.sonnycph.dk/,Open · Closes 5.00 pm,No,No,https://www.google.com/maps/place/Sonny/data=!4m2!3m1!1s0x4652532b33d70543:0x5c915e699a2e5377,success
Spiseloppen,Vegetarian,Restaurant,"Bådsmandsstræde 43, 1407 København",Indre By,55.673821,12.5969631,4.4,466,,32 57 95 58,http://spiseloppen.dk/,Closed · Opens 5.00 pm Tue,No,No,https://www.google.com/maps/place/Spiseloppen/data=!4m2!3m1!1s0x4652533963ed387f:0xc7782eaad0829db4,success
SSAM,Asian,Restaurant,"Colbjørnsensgade 7, 1652 København",Vesterbro,55.6726483,12.5620931,4.2,"2,150",,28 18 35 18,http://ssam.dk/,,No,No,https://www.google.com/maps/place/SSAM/data=!4m2!3m1!1s0x4652530cc47b16d1:0x92bbd0496f8527ef,success
Sticks'n'Sushi,Asian,Restaurant,"Arni Magnussons Gade 2, 1577 København",Vesterbro,55.6657773,12.5661667,4.4,"2,242",,88 32 95 95,https://www.sticksnsushi.com/dk/en/restaurants/tivoli/,,No,No,https://www.google.com/maps/place/Sticks'n'Sushi/data=!4m2!3m1!1s0x4652536de2ad6529:0x3da6cd8e4066e59a,success
Sticks'n'Sushi,Asian,Restaurant,"Gl. Kongevej 120, 1850 Frederiksberg",Frederiksberg,55.6764177,12.5420522,4.4,548,,33 29 00 10,https://www.sticksnsushi.com/dk/en/restaurants/frederiksberg/,,No,No,https://www.google.com/maps/place/Sticks'n'Sushi+Frederiksberg/data=!4m2!3m1!1s0x465253a23507e78d:0xf2949bb10cefaef8,success
Strøm,Cocktails,Bar,"Niels Hemmingsens Gade 32, 1153 København",Indre By,55.6802524,12.5761216,4.5,615,,,http://www.strombar.dk/,Closed · Opens 6.00 pm Tue,No,No,https://www.google.com/maps/place/Str%C3%B8m/data=!4m2!3m1!1s0x4652530e4f9f66ef:0x1240647ff62b68a4,success
studio x kitchen,Brunch,Cafe,"Dronningens Tværgade 52, 1302 København",Indre By,55.6846875,12.5835836,4.6,768,,,http://instagram.com/studioxkitchen,Open · Closes 4.30 pm,No,No,https://www.google.com/maps/place/studio+x+kitchen/data=!4m2!3m1!1s0x4652531aed91d959:0x66ae5e9f8f10b75c,success
Sult,Brunch,Restaurant,"Vognmagergade 8 B, 1120 København",Indre By,55.6827354,12.5783767,4.2,"1,171",,33 74 34 17,https://meyers.dk/restaurant-sult/,Closed · Opens 5.00 pm Tue,No,No,https://www.google.com/maps/place/Sult/data=!4m2!3m1!1s0x4652531a150efe23:0x7b518c9d1fee5691,success
Tandoori Masala,Asian,Restaurant; Take Away,"Nørrebrogade 35, 2200 København",Nørrebro,55.6883549,12.5587178,4.3,401,,35 35 35 27,http://www.tandoori-masala.dk/,,No,No,https://www.google.com/maps/place/Tandoori+Masala/data=!4m2!3m1!1s0x4652530756cd09cf:0x818af6ee22d52816,success
The Artisan,Coffee,Cafe,"Sortedam Dossering 45A, 2200 København",Nørrebro,55.6919995,12.5688717,4.8,657,,,https://theartisan.dk/,Open · Closes 5.00 pm,No,No,https://www.google.com/maps/place/The+Artisan+Copenhagen/data=!4m2!3m1!1s0x46525315e7a59919:0x9176f2485e069ac5,success
The Happiness Museum,For Thought,Museum,"Admiralgade 19, 1066 København",Indre By,55.6779802,12.5820349,4.4,534,,,http://thehappinessmuseum.com/,Open · Closes 6.00 pm,No,No,https://www.google.com/maps/place/The+Happiness+Museum/data=!4m2!3m1!1s0x465253ea82a29b47:0x70c8195bfc0e4693,success
The Hill House Museum,Coffee,Cafe,"Rahbeks Alle 23, 1801 Frederiksberg",Frederiksberg,55.6683153,12.5321411,4.3,289,,69 13 80 90,https://frederiksbergmuseerne.dk/da/bakkehuset/,Temporarily closed,No,Yes,https://www.google.com/maps/place/The+Hill+House+Museum/data=!4m2!3m1!1s0x4652539a07e89d73:0x286b51e42c2bdf52,success
The Sixteen Twelve,Brunch,Cafe,"Jægersborggade 8 KL TH, 2200 København",Nørrebro,55.6919857,12.5451002,4.4,643,,93 10 94 07,http://www.sixteentwelve.dk/,,No,No,https://www.google.com/maps/place/The+Sixteen+Twelve/data=!4m2!3m1!1s0x465253996115ee63:0xe0c6534cfaf49399,success
THE SPOT,Coffee,Cafe,"Else Alfelts Vej 65, ST. TV, 2300 København",Amager,55.6185203,12.5693298,4.7,597,,42 90 54 83,http://thespot.dk/,Open · Closes 4.00 pm,No,No,https://www.google.com/maps/place/THE+SPOT/data=!4m2!3m1!1s0x465255bc1477c0c3:0xe8b41b9247ef9fb4,success
The Taj Take Away,Asian,Take Away,"Øresundsvej 22, 2300 København",Amager,55.6595952,12.6109001,4.1,111,,81 44 11 78,https://www.thetaj.dk/,Closed · Opens 4.00 pm,No,No,https://www.google.com/maps/place/The+Taj+Take+Away+%C3%98resundsvej/data=!4m2!3m1!1s0x4652514500e7cfef:0xf9adc40dc45a69,success
Tivoli Food Hall,Street Food,Take Away,"Bernstorffsgade 3, 1577 København",Vesterbro,55.674297,12.5653477,4.2,"5,387",,,https://www.tivoli.dk/mad-og-drikke/tivoli-food-hall?&utm_source=google&utm_medium=organic&utm_campaign=gmb,Open · Closes 9.00 pm,No,No,https://www.google.com/maps/place/Tivoli+Food+Hall/data=!4m2!3m1!1s0x46525312b21fff39:0x7ebaf693e5fc09b5,success
Tommi's Burger Joint,Burgers,Take Away; Al Fresco,"Høkerboderne 21, 23, 1712 København",Vesterbro,55.6682667,12.5580631,4.3,"2,876",,33 31 34 34,https://www.burgerjoint.dk/kodbyen,Open · Closes 9.00 pm,No,No,https://www.google.com/maps/place/Tommi's+Burger+Joint+K%C3%B8dbyen/data=!4m2!3m1!1s0x46525311b33eedb7:0xb9e3acfe63e58e39,success
Torvehallerne,Street Food,Take Away,"Frederiksborggade 21, 1362 København",Indre By,55.6837848,12.568928,4.5,"16,668",,,http://torvehallernekbh.dk/,Open · Closes 7.00 pm,No,No,https://www.google.com/maps/place/Torvehallerne/data=!4m2!3m1!1s0x465253051285311b:0x7374ede35ce9623b,success
Vega,For Thought,Music,"Enghavevej 40, 1674 København",Vesterbro,55.6681108,12.5438031,4.5,"4,346",,33 25 70 11,http://www.vega.dk/?utm_source=google&utm_medium=gmb&utm_campaign=websiteklik,,No,No,https://www.google.com/maps/place/Vega/data=!4m2!3m1!1s0x4652539e80687c13:0xf5202e524e3eb86f,success
Villette,Coffee,Cafe,"Fælledvej 12, 2200 København",Nørrebro,55.6891635,12.5602974,4.0,214,,,http://etteetteette.dk/villette,Closed · Opens 11.00 am Tue,No,No,https://www.google.com/maps/place/Villette/data=!4m2!3m1!1s0x465253536aa12185:0x2a1cdb856354255b,success
Väkst,Vegetarian,Restaurant,"Sankt Peders Stræde 34, 1453 København",Indre By,55.6788412,12.567143,4.6,"3,244",,38 41 27 27,https://cofoco.dk/vaekst/?utm_source=google&utm_medium=organic&utm_campaign=gmb-website&utm_content=vaekst,,No,No,https://www.google.com/maps/place/V%C3%A4kst/data=!4m2!3m1!1s0x4652530e5a618fbd:0x250f6d91452f2666,success
Væksthuset,New Nordic,Restaurant,"Ekvipagemestervej 18, 1438 København",Holmen,55.6808847,12.5999326,4.0,606,,61 10 15 83,https://norrlyst.dk/vaeksthuset/,Open · Closes 11.00 pm,No,No,https://www.google.com/maps/place/Restaurant+V%C3%A6ksthuset/data=!4m2!3m1!1s0x46525306cb70476f:0x76b4d28694e5616f,success
Wafu Ramen,Asian,Restaurant,"Falkoner Alle 84, st 1, 2000 Frederiksberg",Frederiksberg,55.6850145,12.538459,4.5,503,,35 35 35 85,https://wafuramen2000.dk/,Open · Closes 10.00 pm,No,No,https://www.google.com/maps/place/Wafu+Ramen/data=!4m2!3m1!1s0x465253a48aeacb19:0x3b065e67267cac7e,success
Warpigs Brewpub,Beer,Restaurant; Bar; Al Fresco,"Flæsketorvet 25, 37, 1711 København",Vesterbro,55.668573,12.5598471,4.4,"13,172",,43 48 48 48,https://warpigs.dk/,,No,No,https://www.google.com/maps/place/Warpigs+Brewpub/data=!4m2!3m1!1s0x46525373a478f7ad:0xf9643d7b32fac7c4,success
Wild Horses,Pastry; Coffee,Cafe,"Borgbjergsvej 1, tv, 2450 København",Sydhavn,55.6524558,12.5388505,4.8,244,,,http://wildhorsescph.dk/,Open · Closes 5.00 pm,No,No,https://www.google.com/maps/place/Wild+Horses/data=!4m2!3m1!1s0x46525307500db4e5:0xc27b896fbd1216e6,success
Wulff & Konstali,Brunch,Cafe,"Isafjordsgade 10, 2300 København",Amager,55.6654434,12.5781242,4.2,890,,32 54 81 81,https://www.wogk.dk/dk/islands-brygge,Open · Closes 6.00 pm,No,No,https://www.google.com/maps/place/Wulff+%26+Konstali+-+Islands+Brygge/data=!4m2!3m1!1s0x4652536a3a2bee37:0x7ec6267fa1bbe18,success
Wulff & Konstali,Brunch,Cafe,"Sankt Hans Torv 30, 2200 København",Nørrebro,55.691041,12.560522,4.2,659,,32 54 81 81,https://www.wogk.dk/dk/norrebro,Open · Closes 6.00 pm,No,No,https://www.google.com/maps/place/Wulff+%26+Konstali+-+N%C3%B8rrebro/data=!4m2!3m1!1s0x4652538052ded825:0x7b5eee727a34a2ff,success
Ych!,Pizza,Take Away,"Enghave Pl. 9, 1670 København",Vesterbro,55.66687,12.5466159,4.2,284,,33 25 41 66,https://ych.dk/?utm_source=GMBwebsite&utm_medium=organic&utm_campaign=Google%20My%20Business,Open · Closes 10.00 pm,No,No,https://www.google.com/maps/place/Ych!/data=!4m2!3m1!1s0x4652539def7076a9:0xab989dd19841021,success
À Côté,Wine,Bar,"Gothersgade 39, 1101 København",Indre By,55.6822619,12.581818,4.1,15,,33 13 18 80,http://www.acote.dk/,Closed · Opens 11.00 am Wed,No,No,https://www.google.com/maps/place/%C3%80+C%C3%B4t%C3%A9/data=!4m2!3m1!1s0x465253dc2c902607:0xbf408f53d462b238,success
Ø12,Brunch,Cafe,"Silkegade 1, 1113 København",Indre By,55.6799719,12.5794569,4.9,"1,621",,42 41 97 09,http://12cph.dk/silkegade,Open · Closes 4.00 pm,No,No,https://www.google.com/maps/place/%C3%9812+Coffee+%26+Eatery/data=!4m2!3m1!1s0x465253005dff5071:0x9814f111daa59fe8,success
Ørsted Ølbar,Beer,Bar,"Nørre Farimagsgade 13, 1364 København",Indre By,55.681263,12.564474,4.4,"1,099",,,https://www.facebook.com/p/%C3%98rsted-%C3%98lbar-100064110938320/?locale=da_DK,Closed · Opens 3.00 pm,No,No,https://www.google.com/maps/place/%C3%98rsted+%C3%98lbar/data=!4m2!3m1!1s0x4652530f47ad1921:0x5913881a8d8ec4,success
