name;food_tags;mood_tags;address;neighborhood;latitude;longitude;rating;reviews_count;price_level;phone;website;hours;permanently_closed;temporarily_closed;maps url;status
1656;Cocktails;Bar;Gasværksvej 33, 1656 Vesterbro;Vesterbro;55.6699318;12.5583188;4.6;808;;;http://1656.dk/;Closed · Opens 6.00 pm Wed;No;No;https://www.google.com/maps/place/1656+Cocktail+Bar/data=!4m2!3m1!1s0x465253737cad5685:0xf0a8ed94a98c290f;success
20 Grams;Coffee;Cafe;Rosengården 13, 1174 København;Indre By;55.6822883;12.5723634;4.5;1,232;;;https://www.20grams.dk/;Closed · Opens 9.00 am Mon;No;No;https://www.google.com/maps/place/20+Grams+-+Specialty+Coffee+Shop/data=!4m2!3m1!1s0x4652539d0b519b5f:0x82e618e7956901eb;success
Admiralgade 26;French;Restaurant;Admiralgade 26, 1066 København;Indre By;55.677616;12.5821043;4.6;345;;33 33 79 73;http://www.admiralgade26.dk/;Closed · Opens 12.00 pm Mon;No;No;https://www.google.com/maps/place/Admiralgade+26/data=!4m2!3m1!1s0x46525316f95cfe69:0xb08ee1096cccbe38;success
Ahaaa;Mediterranean;Restaurant;Blågårdsgade 21, 2200 København N;Nørrebro;55.6864931;12.5584118;4.4;677;;35 39 00 85;http://ahaaa.dk/;Closes soon · 9.00 pm · Opens 11.00 am Mon;No;No;https://www.google.com/maps/place/Ahaaa/data=!4m2!3m1!1s0x4652530770b83b05:0xe809503556ace9b5;success
Alice Ice Cream & Coffee;"Fastelavnsbolle; Ice Cream";Cafe;Markmandsgade 1, Amagerbrogade 5, 2300 København;Amager;55.6684086;12.5970575;4.5;578;;;https://www.earnest-eats.dk/projects-1/alice-63gjd;Closed · Opens 8.00 am Mon;No;No;https://www.google.com/maps/place/Alice+Ice+Cream+%26+Coffee/data=!4m2!3m1!1s0x4652533874b25553:0x24522c2aa3dffe0d;success
Alouette;New Nordic;Restaurant;Kronprinsessegade 8, 1306 København K;Indre By;55.6831601;12.581445;4.7;443;;31 67 66 06;http://www.restaurantalouette.dk/;Closed · Opens 5.00 pm Wed;No;No;https://www.google.com/maps/place/Alouette/data=!4m2!3m1!1s0x46525347f7eb7a71:0xe9ea3632823a9a34;success
Andersen & Maillard;"Fastelavnsbolle; Pastry";Cafe;Antwerpengade 10, 2150 København;;55.7072013;12.5966835;4.4;568;;33 32 23 22;https://www.andersenmaillard.dk/;Closed · Opens 7.00 am Mon;No;No;https://www.google.com/maps/place/Andersen+%26+Maillard/data=!4m2!3m1!1s0x46525340d60ad511:0xb0f67808cae024e9;success
Andersen & Maillard;"Fastelavnsbolle; Pastry";Cafe;Nørrebrogade 62, 2200 København N;Nørrebro;55.6903659;12.5551042;4.4;1,950;;;https://www.andersenmaillard.dk/;Closed · Opens 7.00 am Mon;No;No;https://www.google.com/maps/place/Andersen+%26+Maillard/data=!4m2!3m1!1s0x46525248586eef61:0x937ff35354fafcad;success
Andersen Bakery;"Fastelavnsbolle; Pastry";Cafe;Thorshavnsgade 26, 2300 Amager Vest;Amager;55.6672402;12.5785336;4.6;2,661;;33 75 07 35;https://andersen-bakery-eu.dk/;Closed · Opens 6.30 am Mon;No;No;https://www.google.com/maps/place/Andersen+Bakery/data=!4m2!3m1!1s0x4652530d731eb667:0x421b0fb5b128311;success
Andersen Bakery;"Fastelavnsbolle; Pastry";Cafe;Ørestads Blvd. 49A, 2300 København;Amager;55.636663;12.5828915;4.6;434;;33 75 07 35;https://andersen-bakery-eu.dk/;Closed · Opens 7.00 am Mon;No;No;https://www.google.com/maps/place/Andersen+Bakery/data=!4m2!3m1!1s0x46525598ff0d609b:0x41a63611b0520691;success
Ard Bakery;"Fastelavnsbolle; Pastry";Bakery;Peter Bangs Vej 95, 2000 Frederiksberg;;55.678465;12.501709;4.4;228;;31 31 38 24;http://www.ardbakery.dk/;Closed · Opens 6.00 am Mon;No;No;https://www.google.com/maps/place/Ard+Bakery/data=!4m2!3m1!1s0x465253c30d306aa7:0x96cdb8507c16e76c;success
Atelier September;Brunch;Cafe;Kronprinsessegade 62, 1306 København;Indre By;55.6873916;12.5849268;3.9;772;;60 16 80 39;https://cafeatelierseptember.com/;Closed · Opens 7.30 am Mon;No;No;https://www.google.com/maps/place/Atelier+September/data=!4m2!3m1!1s0x465253407fbd819b:0x5563127a7f7e056d;success
B&W Brunch;"Brunch; Buffet";Restaurant;Vesterbrogade 149, 1620 København;Vesterbro;55.6695664;12.5387381;4.3;150;;93 88 81 29;http://www.bogwbrunch.dk/;Closed · Opens 9.30 am Sat;No;No;https://www.google.com/maps/place/B%26W+Brunch/data=!4m2!3m1!1s0x4652539a171ec743:0xf27581fac53cabb;success
Bageriet Benji;Fastelavnsbolle;Bakery;Mjølnerparken 52, 2200 København N;Nørrebro;55.7038803;12.5417881;4.5;194;;;https://www.earnest-eats.dk/projects-1/benji;Closed · Opens 8.00 am Mon;No;No;https://www.google.com/maps/place/Bageriet+Benji/data=!4m2!3m1!1s0x465253a73dacd217:0x8f04631805fab283;success
Banegaarden;Street Food;"Restaurant; Al Fresco";Otto Busses Vej 45, 2450 København;Sydhavn;55.6584559;12.5426132;4.2;1,142;;;http://www.banegaarden.com/;;No;No;https://www.google.com/maps/place/Banegaarden/data=!4m2!3m1!1s0x465253828da72089:0x4b84c9d6f6839edc;success
Barabba;Italian;Restaurant;Store Kongensgade 34, 1264 København;Indre By;55.6826053;12.5864333;4.2;622;;33 10 10 40;http://www.barabba.dk/;;No;No;https://www.google.com/maps/place/Barabba/data=!4m2!3m1!1s0x465253185b416dd9:0x27c5b281a568f474;success
Baryl Frederiksberg;Brunch;"Restaurant; Cafe";Holger Danskes Vej 64, 2000 Frederiksberg;;55.6877733;12.5332913;4.5;253;;30 14 39 34;http://www.baryl.dk/;Closed · Opens 9.30 am Mon;No;No;https://www.google.com/maps/place/Baryl+Frederiksberg/data=!4m2!3m1!1s0x465253d41583267b:0xaafd96a031a6ea46;success
Beau Marché;Wine;Bar;Ny Østergade 32, 1101 København;Indre By;55.6821588;12.5817396;4.3;334;;55 77 14 30;http://beaumarche.dk/;Open · Closes 10.00 pm;No;No;https://www.google.com/maps/place/Beau+March%C3%A9+Caf%C3%A9+%C3%A0+Vins/data=!4m2!3m1!1s0x46525319ed70f621:0xe0b1b9911a9a6cc8;success
BonBon Ice;Ice Cream;Al Fresco;Andebakkesti 4, 2000 Frederiksberg;;55.6787518;12.5274182;4.7;306;;20 97 94 20;;Closed · Opens 2.00 pm Mon;No;Yes;https://www.google.com/maps/place/BonBon+Ice/data=!4m2!3m1!1s0x465253be85519fef:0xb2042616add4053c;success
BRUS;Beer;Bar;Guldbergsgade 29, 2200 København;Nørrebro;55.6921531;12.5561452;4.5;3,819;;75 22 22 00;http://tapperietbrus.dk/;Open · Closes 12.00 am;No;No;https://www.google.com/maps/place/BRUS/data=!4m2!3m1!1s0x464b8b471e46ee37:0x1344df1d782c450;success
BRYGGENS SPISEHUS;Danish;"Restaurant; Al Fresco";Islands Brygge 18, 2300 København;Amager;55.666959;12.576411;4.0;693;;32 54 00 82;http://bryggens.dk/;Open · Closes 10.00 pm;No;No;https://www.google.com/maps/place/BRYGGENS+SPISEHUS/data=!4m2!3m1!1s0x4652536ba59fbbfb:0xe635cb8faa3744b3;success
Buka;Pastry;Bakery;Store Kongensgade 18, 1264 København;Indre By;55.6819717;12.5858709;4.4;1,945;;53 78 85 86;http://buka-bakery.com/;Closed · Opens 7.00 am Mon;No;No;https://www.google.com/maps/place/Buka/data=!4m2!3m1!1s0x465253af4ebdffa7:0xf8ebf993e5128c15;success
Bæst;Pizza;Restaurant;Guldbergsgade 29, 2200 København;Nørrebro;55.6923117;12.5560779;4.2;2,804;;31 63 62 90;http://baest.dk/;Open · Closes 10.00 pm;No;No;https://www.google.com/maps/place/B%C3%A6st/data=!4m2!3m1!1s0x4652539fdf087b7d:0x2d53b8ea6d057d5e;success
Cadence;Brunch;"Restaurant; Cafe";Ny Carlsberg Vej 40, 1760 København V;Vesterbro;55.6666049;12.5390556;4.2;564;;93 10 33 68;http://www.cadencecph.dk/;;No;No;https://www.google.com/maps/place/Cadence/data=!4m2!3m1!1s0x465253af6a43f145:0x363d733582017eae;success
Cafe Ermanno;Coffee;Restaurant;Store Strandstræde 11, 1255 København;Indre By;55.6811586;12.588614;4.4;599;;;;Closed · Opens 8.00 am Mon;No;No;https://www.google.com/maps/place/Cafe+Ermanno/data=!4m2!3m1!1s0x46525322a71c2609:0x245142172929cec4;success
Cafe Kodan;Coffee;Cafe;Falkoner Alle 24a, 2000 Frederiksberg;;55.6805996;12.5341843;4.6;221;;50 51 26 69;https://www.instagram.com/cafekodan;;No;No;https://www.google.com/maps/place/Cafe+Kodan/data=!4m2!3m1!1s0x465253746aaae4d5:0xb54b99c5084ca870;success
Cafe Væksthuset;Coffee;"Cafe; Al Fresco";Grønnegårdsvej 15, 1870 Frederiksberg;Frederiksberg;55.680929;12.540539;4.0;203;;;https://www.facebook.com/havajavavaeksthuset/;Temporarily closed;No;Yes;https://www.google.com/maps/place/Cafe+V%C3%A6ksthuset/data=!4m2!3m1!1s0x465253a3630db683:0x2848309b4b43db3f;success
Cakenhagen Vesterbrogade;Fastelavnsbolle;Cafe;Vesterbrogade 1, 1620 København;Vesterbro;55.6751205;12.5666843;4.5;93;;88 70 00 00;https://www.nimb.dk/restaurant-bar/cakenhagen?utm_source=google&utm_medium=organic&utm_campaign=gbp-cakenhagen-vesterbrogade;Closed · Opens 10.00 am Mon;No;No;https://www.google.com/maps/place/Cakenhagen+Vesterbrogade/data=!4m2!3m1!1s0x4652536a1363f95b:0x6e5ec14d6e846534;success
Cantina;Italian;Restaurant;Borgergade 2, 1300 Indre By;Indre By;55.6823503;12.5842569;4.1;1,984;;88 16 99 95;http://www.cantinacph.dk/;Open · Closes 11.00 pm;No;No;https://www.google.com/maps/place/Cantina/data=!4m2!3m1!1s0x46525319b69b8335:0x83000c75518a7477;success
cleo;New Nordic;Restaurant;Rantzausgade 58B, 2200 København;Nørrebro;55.6878264;12.5464077;4.4;163;;38 42 42 49;https://restaurantcleo.dk/?utm_source=Google%20business&utm_medium=&utm_campaign=;Closed · Opens 5.30 pm Tue;No;No;https://www.google.com/maps/place/cleo/data=!4m2!3m1!1s0x4652537f0dbd37ef:0xdddb9dd6c67367bd;success
Coffee Collective;Coffee;Cafe;Godthåbsvej 34B, 2000 Frederiksberg;;55.6870661;12.5334523;4.6;797;;60 15 15 25;https://coffeecollective.dk/;Closed · Opens 7.00 am Mon;No;No;https://www.google.com/maps/place/Coffee+Collective+Godth%C3%A5bsvej/data=!4m2!3m1!1s0x465253ad94236fed:0x2958fa62b6290d9a;success
Collective Bakery;Fastelavnsbolle;Bakery;Nørrebrogade 176, 2200 København;Nørrebro;55.6967659;12.5455458;4.3;142;;31 36 75 33;https://www.collectivebakery.dk/;Closed · Opens 7.00 am Mon;No;No;https://www.google.com/maps/place/Collective+Bakery/data=!4m2!3m1!1s0x4652537daeda7453:0x4b4a8ef15339e121;success
Conditori La Glace;Pastry;Restaurant;Skoubogade 3, 1158 København K;Indre By;55.6785921;12.5735765;4.4;2,725;;33 14 46 46;https://laglace.dk/da/;Closed · Opens 8.30 am Mon;No;No;https://www.google.com/maps/place/Conditori+La+Glace/data=!4m2!3m1!1s0x46525311adf13159:0x71dd10b224c56a51;success
Copenhagen Contemporary;For Thought;Museum;Refshalevej 173A, 1432 København;Refshaleøen;55.6931182;12.6134181;4.4;1,961;;;http://copenhagencontemporary.org/;Closed · Opens 11.00 am Tue;No;No;https://www.google.com/maps/place/Copenhagen+Contemporary/data=!4m2!3m1!1s0x4652533b4ae238fd:0x55309cfc552be410;success
HANS Coffee;Coffee;Cafe;Boldhusgade 6, 1062 København K;Indre By;55.6774217;12.5818373;4.6;1,112;;30 86 49 22;https://www.instagram.com/hanscoffeecph;Closed · Opens 7.30 am Mon;No;No;https://www.google.com/maps/place/CUB+Coffee+Bar+Boldhusgade/data=!4m2!3m1!1s0x46525316fa3faa25:0xc19c249d461adf1a;success
DAC Café;New Nordic;"Restaurant; Al Fresco";Bryghuspladsen 10, 1473 København;Indre By;55.6720619;12.5791566;3.7;99;;29 65 53 96;https://dac.dk/en/cafe/;Closed · Opens 10.00 am Mon;No;No;https://www.google.com/maps/place/DAC+Caf%C3%A9/data=!4m2!3m1!1s0x46525388e532c0cd:0x9e580fe4605d3603;success
Dahl & Dahl;Wine;Bar;Dronningens Tværgade 6, 1302 Indre By;Indre By;55.6834313;12.5881155;4.0;277;;82 30 40 44;https://www.dahl-dahl.dk/?utm_source=GMB&utm_medium=organisk;Closed · Opens 5.00 pm Thu;No;No;https://www.google.com/maps/place/Dahl+%26+Dahl/data=!4m2!3m1!1s0x465253188ed6c64d:0xfe34673303f2ed12;success
Damhuskanten;Ice Cream;Al Fresco;Damhusdæmningen 2B, 2720 Vanløse;Vanløse;55.681431;12.473337;4.1;759;;20 44 29 92;http://damhuskanten.dk/;Closed · Opens 11.00 am Sat;No;No;https://www.google.com/maps/place/Damhuskanten/data=!4m2!3m1!1s0x465251678c4dd39d:0x1e2d14487fa3fd4b;success
Daniali & Schiøtz;Pastry;Cafe;Falkoner Alle 36, 2000 Frederiksberg;;55.6819882;12.5350209;4.5;263;;50 58 98 29;https://instagram.com/danialischioetz?igshid=MzRlODBiNWFlZA==;Closed · Opens 7.00 am Mon;No;No;https://www.google.com/maps/place/Daniali+%26+Schi%C3%B8tz+Bageri/data=!4m2!3m1!1s0x465253bb0c39fbc9:0xd8893949ef4fd779;success
Darcy’s Kaffe;Coffee;Cafe;Rantzausgade 2, 2200 København N;Nørrebro;55.6853205;12.5532862;4.6;656;;;http://www.darcyskaffe.dk/;Closed · Opens 7.30 am Mon;No;No;https://www.google.com/maps/place/Darcy%E2%80%99s+Kaffe/data=!4m2!3m1!1s0x465253a14fb73023:0xd41a80b6eb1d16c7;success
Det Franske Konditori;Fastelavnsbolle;Bakery;H. C. Ørsteds Vej 44, 1879 Frederiksberg C;Frederiksberg;55.6810722;12.5492381;4.5;94;;35 35 15 46;http://detfranskeconditori.dk/;Closed · Opens 6.00 am Mon;No;No;https://www.google.com/maps/place/Det+Franske+Konditori/data=!4m2!3m1!1s0x465253a6f108ad7d:0xa951017679515b2f;success
Det Vide Hus;Coffee;Cafe;Gothersgade 113, 1123 København;Indre By;55.6841942;12.574646;4.6;515;;;https://www.facebook.com/detvidehus/;Temporarily closed;No;Yes;https://www.google.com/maps/place/Det+Vide+Hus/data=!4m2!3m1!1s0x4652531adea3191b:0x2f43ebc7bc1a76e7;success
Dilemma Vinbar;Wine;Bar;Falkoner Alle 79, tv, 2000 Frederiksberg;;55.6871768;12.5404169;4.9;31;;31 36 83 39;;Closed · Opens 4.00 pm Mon;No;No;https://www.google.com/maps/place/Dilemma+Vinbar/data=!4m2!3m1!1s0x4652537a51328677:0x8bf70cff6aaf339f;success
DILLON;Fastelavnsbolle;Cafe;Tåsingegade 51, 2100 København;Østerbro;55.7102606;12.5663434;4.7;89;;;https://www.instagram.com/dillon.cph/;Closed · Opens 8.00 am Wed;No;No;https://www.google.com/maps/place/DILLON/data=!4m2!3m1!1s0x46525306067ca7f5:0x47aaf7dcb857086f;success
District Tonkin;Asian;Restaurant;Store Kongensgade 71, 1264 København K;Indre By;55.6850226;12.5881749;4.3;1,207;;60 88 86 98;https://district-tonkin.com/;Closes soon · 9.30 pm · Opens 11.00 am Mon;No;No;https://www.google.com/maps/place/District+Tonkin/data=!4m2!3m1!1s0x465253188cc24577:0xb19ab2ee771817;success
Dronning Louises Tehus;"Tea; Afternoon Tea";Al Fresco;Ved Slotshaven 12 (det stråtækte hus for enden af stien, Ved Slotshaven 12, 2820 Gentofte;Gentofte;55.7557852;12.5485518;4.4;252;;31 32 39 60;https://www.dronninglouisestehus.dk/;Closed · Opens 11.00 am Thu;No;No;https://www.google.com/maps/place/Dronning+Louises+Tehus/data=!4m2!3m1!1s0x46524dec40000001:0x904f36ab1bc67831;success
Empire Cinema;For Thought;Cinema;Guldbergsgade 29F, 2200 København;Nørrebro;55.6918605;12.5558206;4.4;2,091;;35 36 00 36;http://www.empirebio.dk/;;No;No;https://www.google.com/maps/place/Empire+Cinema/data=!4m2!3m1!1s0x465253aafc260e13:0x551d83ab11eff35b;success
Enghave Plads 9;"Wine; Beer";Bar;Enghave Pl. 9, 1670 København;Vesterbro;55.66687;12.5466159;4.1;64;;;http://www.instagram.com/enghaveplads9;Open · Closes 10.00 pm;No;No;https://www.google.com/maps/place/Enghave+Plads+9/data=!4m2!3m1!1s0x465253ed5f40027d:0xab8bd7d724876095;success
Enomania;"Wine; Italian";Restaurant;Vesterbrogade 187, 1800 Frederiksberg C;Frederiksberg;55.6706794;12.5317449;4.8;450;;33 23 60 80;http://www.enomania.dk/;Closed · Opens 5.30 pm Tue;No;No;https://www.google.com/maps/place/Enomania/data=!4m2!3m1!1s0x46525397686e0f63:0x4d15f0a1a5bde6b0;success
Fanico;Portuguese;Restaurant;Stubkaj 7F, 2150 København;;55.7096981;12.5944826;5.0;61;;21 80 00 18;;Closed · Opens 11.00 am Wed;No;No;https://www.google.com/maps/place/Fanico/data=!4m2!3m1!1s0x46525370e404f063:0xe09aa36807cc9dac;success
Fleisch;Steak;Restaurant;Slagterboderne 7, 1716 København V;Vesterbro;55.6689887;12.5588229;4.3;1,016;;61 68 14 19;https://fleisch.dk/?utm_source=google&utm_medium=organic&utm_campaign=gbp_fleisch;;No;No;https://www.google.com/maps/place/Fleisch/data=!4m2!3m1!1s0x465253739d0f18bf:0x41ae9faa65d7a9e3;success
Flere Fugle;"Fastelavnsbolle; Pastry";Cafe;Rentemestervej 57, 2400 København;Nordvest;55.7073855;12.524697;4.3;693;;93 63 42 01;http://www.flerefugle.dk/;;No;No;https://www.google.com/maps/place/Flere+Fugle/data=!4m2!3m1!1s0x465253d689f1f72f:0xed86676cfdfeb8ff;success
Frenchy;"French; Brunch";Cafe;Store Kongensgade 69B, 1264 København;Indre By;55.6849593;12.5881282;4.3;490;;31 45 64 46;http://www.frenchy.dk/;Closed · Opens 9.00 am Mon;No;No;https://www.google.com/maps/place/Frenchy/data=!4m2!3m1!1s0x4652533dc224304b:0x6ee762670ccda854;success
Fuego;Steak;Restaurant;Holbergsgade 14, 1057 København;Indre By;55.6781016;12.5890488;4.5;992;;33 13 11 71;http://www.fuego.dk/;Closed · Opens 5.30 pm Mon;No;No;https://www.google.com/maps/place/Fuego/data=!4m2!3m1!1s0x4652533d12c96351:0xbc49a3e00036e1a9;success
Gamma Bar;Beer;Bar;Hejrevej 6B, 2400 København;Nordvest;55.7011115;12.5340975;4.7;111;;88 73 08 87;https://shop.gammabrewing.com/pages/nv;;No;No;https://www.google.com/maps/place/Gamma+Bar+NV/data=!4m2!3m1!1s0x465253170c834455:0x6fc5cf281605b677;success
Gasoline Grill;Burgers;Al Fresco;Landgreven 10, 1301 København;Indre By;55.683242;12.5851505;4.5;6,219;;31 33 78 92;https://www.gasolinegrill.com/;Closed · Opens 11.00 am Mon;No;No;https://www.google.com/maps/place/Gasoline+Grill/data=!4m2!3m1!1s0x46525319a9ee66e1:0xb6850b6a3fa2148a;success
Goldie;Brunch;Restaurant;Griffenfeldsgade 22, 2200 København N;Nørrebro;55.6883896;12.5545142;4.7;304;;53 88 20 58;https://www.elgoldie.dk/;;No;No;https://www.google.com/maps/place/Goldie/data=!4m2!3m1!1s0x465253c3f58332c9:0xfc9734394d2af25c;success
Gorda;Mexican;Restaurant;Enghavevej 5, st, 1674 København;Vesterbro;55.6712103;12.5462163;4.7;477;;50 17 27 95;http://gorda.dk/;Closed · Opens 5.00 pm Tue;No;No;https://www.google.com/maps/place/Gorda/data=!4m2!3m1!1s0x46525347fbb9c939:0x965756790e10c452;success
Green Room/Scandic;"Coffee; Wine; Cocktails";"Bar; Hotel";Falkoner Alle 9, 2000 København;;55.6797384;12.5332089;4.2;102;;72 58 10 41;https://greenroom-restaurant.dk/;;No;No;https://www.google.com/maps/place/Green+Room+Restaurant+%26+Bar/data=!4m2!3m1!1s0x4652536213496dab:0x32512d9ccff2765a;success
Hanzo;Asian;"Restaurant; Al Fresco";Solbjergvej 8, 2000 Frederiksberg;;55.6810436;12.5315474;4.2;217;;38 42 34 77;https://www.madklubben.dk/restauranter/koebenhavn/hanzo/frederiksberg?utm_source=Google%20business&utm_medium=&utm_campaign=;Open · Closes 11.00 pm;No;No;https://www.google.com/maps/place/Hanzo+Frederiksberg/data=!4m2!3m1!1s0x465253ce336d5ced:0xc02190792c521c72;success
Hart;"Fastelavnsbolle; Pastry";"Cafe; Al Fresco";Galionsvej 41, 1437 København;Holmen;55.6795537;12.6011156;4.6;1,041;;;https://hartbageri.com/;Closed · Opens 7.30 am Mon;No;No;https://maps.app.goo.gl/UgWj9Crsg7sYytLf6?g_st=ic;success
Hart;"Fastelavnsbolle; Pastry";Bakery;Julius Bloms Gade 32, 2200 København;Nørrebro;55.6952807;12.5440316;4.2;88;;;https://hartbageri.com/;Closed · Opens 7.30 am Mon;No;No;https://www.google.com/maps/place/Hart/data=!4m2!3m1!1s0x4652530030fd8f4f:0x990da25bc38605ec;success
Hart;"Fastelavnsbolle; Pastry";"Cafe; Al Fresco";Refshalevej 159A, 1432 København;Refshaleøen;55.6912475;12.6114625;4.6;296;;;https://hartbageri.com/;Closed · Opens 7.30 am Mon;No;No;https://www.google.com/maps/place/Hart/data=!4m2!3m1!1s0x465253b36c793463:0x34b60e6a98842084;success
HIAN;Asian;Restaurant;Frederiksborggade 26, 1360 København;Indre By;55.6844152;12.5702114;4.3;405;;53 52 59 52;https://www.hian.dk/;;No;No;https://www.google.com/maps/place/HIAN+-+Vietnamese+Eatery+and+Drinks/data=!4m2!3m1!1s0x46525334e6364507:0xbaa7db9ebb76e59e;success
Homeland;Asian;Restaurant;Nordre Fasanvej 158, st. th, 2000 Frederiksberg;;55.6938138;12.5334342;4.6;174;;42 92 98 89;https://homelandkitchen.dk/?utm_source=GMBwebsite&utm_medium=organic&utm_campaign=Google%20My%20Business;Open · Closes 10.00 pm;No;No;https://www.google.com/maps/place/Homeland+Brasserie+%26+Caf%C3%A9/data=!4m2!3m1!1s0x465253b45d08cfeb:0x272710a0ded70443;success
Hongs Special Dim Sum Bar;Asian;Restaurant;Nordre Fasanvej 52, 2000 Frederiksberg;;55.6843248;12.5251265;4.5;96;;53 52 88 68;https://www.hongsspecial.dk/;Open · Closes 10.00 pm;No;No;https://www.google.com/maps/place/Hongs+Special+Dim+Sum+Bar+%E5%93%81%E7%B2%A4%E5%B1%85+%E7%82%B9%E5%BF%83+%E5%93%A5%E6%9C%AC%E5%93%88%E6%A0%B9/data=!4m2!3m1!1s0x46525339d2548d7d:0x2b0c637fb48e6b8c;success
Høst;New Nordic;Restaurant;Nørre Farimagsgade 41, 1364 København;Indre By;55.6833518;12.5661528;4.6;4,218;;89 93 84 09;https://cofoco.dk/hoest/?utm_source=google&utm_medium=organic&utm_campaign=gmb-website&utm_content=hoest;;No;No;https://www.google.com/maps/place/H%C3%B8st/data=!4m2!3m1!1s0x46525305ed0b0f45:0x9842c5cc03aa6e55;success
Impact Roasters;Coffee;Cafe;Grøndals Parkvej 81, 2720 Frederiksberg;Vanløse;55.6856618;12.4987614;4.9;182;;20 83 94 75;http://impactroasters.dk/;Closed · Opens 7.00 am Mon;No;No;https://www.google.com/maps/place/Impact+Roasters/data=!4m2!3m1!1s0x4652534d1f3618c7:0xef5fd492abb95000;success
io いほ;Tea;"Cafe; Shop";Blågårdsgade 15, st, th, 2200 København;Nørrebro;55.6868352;12.5588316;4.9;79;;30 29 58 02;http://www.io-te.dk/;Closed · Opens 12.00 pm Tue;No;No;https://www.google.com/maps/place/io+%E3%81%84%E3%81%BB/data=!4m2!3m1!1s0x465253fc60a5685f:0xc23aa7bc1d18dd7;success
Ipsen & Co;Brunch;Cafe;Gl. Kongevej 108, 1878 Frederiksberg C;Frederiksberg;55.6760018;12.5438388;4.4;463;;;http://www.ipsenogco.dk/;Closed · Opens 8.00 am Mon;No;No;https://www.google.com/maps/place/Ipsen+%26+Co/data=!4m2!3m1!1s0x465253a2297df8ab:0x5913001be8a22239;success
Ismageriet;Ice Cream;"Cafe; Al Fresco";Flæsketorvet 45, 1711 København;Vesterbro;55.6681397;12.5605473;4.7;794;;60 60 10 40;https://ismageriet.dk/pages/isbutik-kodbyen?utm_source=googlebusinessprofile&utm_medium=organic;Open · Closes 11.30 pm;No;No;https://www.google.com/maps/place/Ismageriet/data=!4m2!3m1!1s0x465253bff8d7cdb5:0x22a64338cf4e1b96;success
Ismageriet;Ice Cream;Cafe;Rued Langgaards Vej 6e, 2300 København;Amager;55.6603249;12.5916172;4.7;3,416;;60 60 10 40;https://ismageriet.dk/pages/isbutik-amager?utm_source=googlebusinessprofile&utm_medium=organic;;No;No;https://www.google.com/maps/place/Ismageriet/data=!4m2!3m1!1s0x465254b1b823aab5:0xefd2f5dea6643952;success
Istid;Ice Cream;Take Away;Jægersborggade 13, 2200 København;Nørrebro;55.691979;12.5447886;4.6;410;;61 31 18 34;http://www.istid.dk/;Temporarily closed;No;Yes;https://www.google.com/maps/place/Istid/data=!4m2!3m1!1s0x465253ad947c30f1:0xd1ef3229d55a79d5;success
Judie;Smørrebrod;Restaurant;Nyhavn 26, 1051 København K;Indre By;55.6796758;12.5906338;4.5;144;;61 47 17 44;https://www.judienyhavn.dk/;Closed · Opens 11.30 am Mon;No;No;https://www.google.com/maps/place/Judie/data=!4m2!3m1!1s0x465253bf46c2d5bd:0x387f06f8005cd884;success
Juno;"Fastelavnsbolle; Pastry";Bakery;Århusgade 48, 2100 København;Østerbro;55.7061815;12.5818152;4.7;3,707;;;https://www.junothebakery.com/;Closed · Opens 7.30 am Tue;No;No;https://www.google.com/maps/place/Juno+the+bakery/data=!4m2!3m1!1s0x465252f035a89c17:0x11c1cda65903316;success
Ka'nalu;Coffee;"Cafe; Al Fresco";Skovvej 52, 2635 Ishøj;Ishøj;55.6038072;12.3853948;4.2;987;;31 41 02 13;https://kanalu.dk/;Closed · Opens 10.00 am Tue;No;No;https://www.google.com/maps/place/Ka'nalu+Cafe/data=!4m2!3m1!1s0x4652564b38b43f8f:0xe7478822fb7d2cff;success
Kadeau;New Nordic;Restaurant;Wildersgade 10B, 1408 København;Indre By;55.6722944;12.5889809;4.7;486;;33 25 22 23;http://kadeau.dk/;Closed · Opens 6.00 pm Tue;No;No;https://www.google.com/maps/place/Kadeau/data=!4m2!3m1!1s0x4652539931768ed5:0xf58758d8147839b8;success
Kappo Ando;Asian;Restaurant;Øster Farimagsgade 93, 2100 København;Østerbro;55.6953299;12.5793205;4.7;125;;29 82 97 46;http://www.kappoando.com/;Open · Closes 12.00 am;No;No;https://www.google.com/maps/place/Kappo+Ando/data=!4m2!3m1!1s0x465253926f350b8f:0xa7c03bf2943906d3;success
Kind Of Blue;Beer;Bar;Ravnsborggade 17, 2200 København;Nørrebro;55.689123;12.5624428;4.6;407;;31 99 99 54;https://www.kindofblue.dk/;Closed · Opens 4.00 pm Tue;No;No;https://www.google.com/maps/place/Kind+Of+Blue/data=!4m2!3m1!1s0x46525300d73cc1ad:0xffe60ef7e5f8fe6d;success
Kissa;Cocktails;Al Fresco;Vesterbrogade 47, 1620 København V;Vesterbro;55.672001;12.5556148;4.7;94;;;http://www.jojo.dk/;Open · Closes 1.00 am;No;No;https://www.google.com/maps/place/Kissa/data=!4m2!3m1!1s0x465253004f3d53af:0x5ec837862098a9f6;success
KU.BE;Coffee;Cafe;Dirch Passers Allé 8A, 2000 Frederiksberg;;55.6830558;12.5055737;4.4;1,641;;28 98 09 24;http://kube.frederiksberg.dk/;Closed · Opens 10.00 am Mon;No;No;https://www.google.com/maps/place/KU.BE/data=!4m2!3m1!1s0x465253c4aaff96db:0xb57528b2ddb703c5;success
Kung Fu;Asian;Restaurant;Ravnsborggade 16B, 2200 København;Nørrebro;55.6889291;12.5625905;4.3;539;;40 63 69 76;http://kungfubar.dk/;Open · Closes 10.00 pm;No;No;https://www.google.com/maps/place/Kung+Fu+Restaurant+%26+Izakaya+Ramen+Bar/data=!4m2!3m1!1s0x46525300d7aa0263:0x23663f9fb462619f;success
Københavns Bageri;Fastelavnsbolle;Bakery;Flaskehalsen 22, 1799 København;Vesterbro;55.6646938;12.5354426;4.6;260;;;https://www.earnest-eats.dk/projects-1/koebenhavnsbageri;Closed · Opens 7.00 am Mon;No;No;https://www.google.com/maps/place/K%C3%B8benhavns+Bageri/data=!4m2!3m1!1s0x4652532c32841b61:0x289933757748ada0;success
Københavns Toldbod;Brunch;"Restaurant; Al Fresco";Nordre Toldbod 18-24, 1259 København;Indre By;55.6896711;12.5998306;3.9;2,185;;33 93 07 60;https://seasidecph.dk/;;No;No;https://www.google.com/maps/place/K%C3%B8benhavns+Toldbod/data=!4m2!3m1!1s0x46525320a2f39d8b:0x133478b9f8d51c59;success
Kødbyens Fiskebar;Fish;Restaurant;Flæsketorvet 100, 1711 København;Vesterbro;55.6678839;12.5592894;4.3;4,392;;32 15 56 56;https://fiskebaren.dk/;;No;No;https://www.google.com/maps/place/K%C3%B8dbyens+Fiskebar/data=!4m2!3m1!1s0x46525373be55afe9:0xfd964541f10941ef;success
Kølsters Tolv Haner;Beer;Bar;Rantzausgade 56, 2200 København;Nørrebro;55.6875956;12.5470752;4.3;664;;;https://www.facebook.com/tolvhaner/;Open · Closes 12.00 am;No;No;https://www.google.com/maps/place/K%C3%B8lsters+Tolv+Haner/data=!4m2!3m1!1s0x465253aee1108fab:0x5b39eca27b06d5a2;success
La Banchina;Street Food;"Cafe; Al Fresco";Refshalevej 141, 1432 København;Refshaleøen;55.6893015;12.6109311;4.6;1,626;;31 26 65 61;http://www.labanchina.dk/;Closed · Opens 8.00 am Mon;No;No;https://www.google.com/maps/place/La+Banchina/data=!4m2!3m1!1s0x465252d7e174647b:0x4b04e382875aca3e;success
La Cabra;"Coffee; Fastelavnsbolle";Cafe;Møntergade 3A, 1116 København K;Indre By;55.6815858;12.5790398;4.4;579;;;http://www.lacabra.com/montergade;Closed · Opens 8.00 am Mon;No;No;https://www.google.com/maps/place/La+Cabra/data=!4m2!3m1!1s0x4652531be6ee4763:0x5ed8f336225d6b3b;success
La Cabra;"Coffee; Fastelavnsbolle";Cafe;Århusgade 118X, 2150 København;;55.707163;12.5920549;4.5;51;;;https://lacabra.com/pages/nordhavn;Closed · Opens 7.30 am Mon;No;No;https://www.google.com/maps/place/La+Cabra/data=!4m2!3m1!1s0x46525314a7b7ede7:0x3a4a1e0f4b65854f;success
Le Kaff;Coffee;Al Fresco;Øresundsvej 158, 2300 København;Amager;55.6620153;12.631079;4.5;397;;31 31 09 99;https://www.instagram.com/pastabrostrand;Closed · Opens 8.30 am Mon;No;No;https://www.google.com/maps/place/Le+Kaff/data=!4m2!3m1!1s0x4653acb831e73da9:0xb41ed5406e8e3eda;success
Leckerbaer;Fastelavnsbolle;Cafe;Ryesgade 118, 2100 København Ø;Østerbro;55.697751;12.576822;4.6;245;;28 40 48 64;http://leckerbaer.dk/;Closed · Opens 10.00 am Tue;No;No;https://www.google.com/maps/place/Leckerbaer/data=!4m2!3m1!1s0x465252fc9a472a3b:0x1c69782f50b04f89;success
Les Trois Cochons;French;Restaurant;Værnedamsvej 10, 1619 København;Vesterbro;55.6737346;12.550013;4.1;1,269;;33 31 70 55;https://cofoco.dk/les-trois-cochons/?utm_source=google&utm_medium=organic&utm_campaign=gmb-website&utm_content=les-trois-cochons;;No;No;https://www.google.com/maps/place/Les+Trois+Cochons/data=!4m2!3m1!1s0x465253a010351c9b:0x73bb746f9a137a3e;success
Lille Fugl;Fastelavnsbolle;Cafe;Gammel Strand 48, 1202 København;Indre By;55.6776012;12.5776634;4.4;101;;93 63 42 14;https://www.flerefugle.dk/lille-fugl;Closed · Opens 7.30 am Mon;No;No;https://www.google.com/maps/place/Lille+Fugl/@55.6776042,12.5750831,16z/data=!3m1!4b1!4m6!3m5!1s0x465253007cc1c445:0x553596ebef4bd015!8m2!3d55.6776012!4d12.5776634!16s%2Fg%2F11vjrp6rdd?entry=ttu&g_ep=EgoyMDI2MDEyMC4wIKXMDSoASAFQAw%3D%3D;success
Lille Petra;Coffee;Cafe;Kronprinsessegade 4, 1306 København;Indre By;55.68287;12.5811342;4.3;242;;53 88 02 33;https://www.andtradition.com/lille-petra;Closed · Opens 8.00 am Mon;No;No;https://www.google.com/maps/place/Lille+Petra/data=!4m2!3m1!1s0x4652530c1e16c0cb:0x2cd85a831121afb0;success
Louisiana;New Nordic;"Museum; Restaurant";Gl Strandvej 13, 3050 Humlebæk;;55.969549;12.542784;4.6;16,353;;49 19 07 19;https://louisiana.dk/;Closed · Opens 11.00 am Tue;No;No;https://www.google.com/maps/place/Louisiana+Museum+of+Modern+Art/data=!4m2!3m1!1s0x46523707c3549aab:0x6a2fb944af11904e;success
Madklubben;Danish;Restaurant;Solbjergvej 6, 2000 Frederiksberg;;55.6810973;12.5320849;4.1;929;;38 41 41 70;https://www.madklubben.dk/restauranter/koebenhavn/madklubben/frederiksberg?utm_source=Google%20business&utm_medium=&utm_campaign=;Open · Closes 11.00 pm;No;No;https://www.google.com/maps/place/Madklubben+Frederiksberg/data=!4m2!3m1!1s0x465253bb8cda27fb:0x8ac757a0a1b1a88f;success
Magasasa;Asian;Restaurant;Flæsketorvet 54, 56, 1711 Vesterbro;Vesterbro;55.6670453;12.5588606;4.0;1,459;;33 23 80 89;http://www.magasasa.dk/;;No;No;https://www.google.com/maps/place/Magasasa+Dim+Sum+%26+Cocktails/data=!4m2!3m1!1s0x46525373dcd5aafd:0x33c9d1e00e2957;success
Maison d'Angleterre;Fastelavnsbolle;"Cafe; Hotel";Østergade 2, 1100 København K;Indre By;55.6803408;12.5847903;4.2;89;;78 79 51 87;https://www.dangleterre.com/en/maison-dangleterre?utm_source=maisonGMB&utm_medium=organic;Closed · Opens 8.00 am Mon;No;No;https://www.google.com/maps/place/Maison+d'Angleterre/data=!4m2!3m1!1s0x46525300f88a9071:0x4b7db35f3b5ec14b;success
Manon Les Suites;For Thought;Hotel;Gyldenløvesgade 19, 1600 København V;Vesterbro;55.6803753;12.5613464;4.4;1,485;;45 70 00 15;https://guldsmedenhotels.com/manon-les-suites/?utm_source=google&utm_medium=organic&utm_campaign=manon_gbp&utm_content=website_button;;No;No;https://www.google.com/maps/place/Manon+Les+Suites/data=!4m2!3m1!1s0x46525308d8b7d82f:0x58d26dfb640f0041;success
Meyers Bageri;Fastelavnsbolle;Bakery;Jægersborggade 9, 2200 København;Nørrebro;55.691859;12.5449609;4.6;414;;25 10 11 34;https://meyers.dk/bageri/meyers-bagerier/meyers-bageri-jaegersborggade/;Closed · Opens 7.00 am Mon;No;No;https://www.google.com/maps/place/Meyers+Bageri/data=!4m2!3m1!1s0x465253ad95201c67:0x5a4372488f3002af;success
Mikkeller Bar;Beer;Bar;;;55.7481984;12.517376;;;;;;;No;No;https://www.google.com/maps/place/Mikkeller+Bar/data=\!4m2\!3m1\!1s0x46525374b2df023b:0xd76b2a988415e3b;success
Mikkeller & Friends;Beer;Bar;Stefansgade 35, KLD, 2200 København;Nørrebro;55.6946351;12.5431784;4.6;1,509;;35 83 10 20;https://mikkeller.com/locations/mikkeller-and-friends;Open · Closes 10.00 pm;No;No;https://www.google.com/maps/place/Mikkeller+%26+Friends/data=!4m2!3m1!1s0x465253b29700c4a5:0x1ad4782463fae099;success
Nebbiolo;Wine;Bar;Store Strandstræde 18, 1255 København;Indre By;55.6811463;12.5893179;4.5;719;;60 10 11 09;http://www.nebbiolo-winebar.com/;Open · Closes 12.00 am;No;No;https://www.google.com/maps/place/Nebbiolo+Winebar/data=!4m2!3m1!1s0x46525322a484b8db:0xd5a201e9403a0047;success
NENI/25h;Mediterranean;"Restaurant; Hotel";Pilestræde 65, 1112 København;Indre By;55.6816184;12.5769999;4.2;370;;88 77 24 20;https://nenifood.com/restaurants/kopenhagen;Open · Closes 10.00 pm;No;No;https://www.google.com/maps/place/NENI+Copenhagen/data=!4m2!3m1!1s0x46525308a55bdd09:0xb6ed5ef86613d3cd;success
Next House;Beer;"Bar; Al Fresco; Rooftop; Hotel";Bernstorffsgade 27, 1577 København;Vesterbro;55.6696583;12.570863;4.3;4,169;;33 30 11 00;https://www.nexthousecopenhagen.com/;;No;No;https://www.google.com/maps/place/Next+House+Copenhagen/data=!4m2!3m1!1s0x465253be1c89025f:0x2d7604e0bc12d724;success
Noma;New Nordic;Restaurant;Refshalevej 96, 1432 Indre By;Refshaleøen;55.6828273;12.6104808;4.6;2,378;;32 96 32 97;https://noma.dk/;Temporarily closed;No;Yes;https://www.google.com/maps/place/Noma/data=!4m2!3m1!1s0x4652533b679080a5:0x42eaecc5eb37e114;success
OMAR;New Nordic;Restaurant;Refsnæsgade 32, 2200 København;Nørrebro;55.6958748;12.5562554;4.6;604;;27 51 52 57;https://www.restaurantomar.dk/;Open · Closes 12.00 am;No;No;https://www.google.com/maps/place/OMAR/data=!4m2!3m1!1s0x46525254c476dc27:0xd0212e0a3c02acb3;success
Original Coffee;Fastelavnsbolle;"Cafe; Rooftop";Østergade 60, 1100 København K;Indre By;55.6776042;12.5750831;3.8;64;;28 75 63 12;http://www.originalcoffee.dk/;Closed · Opens 10.00 am Mon;No;No;https://www.google.com/maps/place/Original+Coffee+Illum+Rooftop/@55.6776042,12.5750831,16z/data=!4m14!1m7!3m6!1s0x465253007cc1c445:0x553596ebef4bd015!2sLille+Fugl!8m2!3d55.6776012!4d12.5776634!16s%2Fg%2F11vjrp6rdd!3m5!1s0x4652531738efffff:0xa5889022ec6d94c4!8m2!3d55.679095!4d12.579869!16s%2Fg%2F11wgrpbppf?entry=ttu&g_ep=EgoyMDI2MDEyMC4wIKXMDSoASAFQAw%3D%3D;success
Paloma;Cocktails;Bar;Guldbergsgade 51A, 2200 København;Nørrebro;55.6933849;12.5552351;4.7;247;;;http://palomacph.dk/;Open · Closes 10.00 pm;No;No;https://www.google.com/maps/place/Paloma/data=!4m2!3m1!1s0x465253ab17a4f6f3:0x351ce783a5f82cb4;success
Paté Paté;New Nordic;Restaurant;Slagterboderne 1, 1716 København;Vesterbro;55.6691778;12.5585798;4.2;1,304;;;https://www.patepate.dk/?utm_source=GBP&utm_medium=organic;;No;No;https://www.google.com/maps/place/Pat%C3%A9+Pat%C3%A9/data=!4m2!3m1!1s0x46525373829a0b59:0x8878eeb558b5bcc4;success
Pauli;New Nordic;Restaurant;Borgbjergsvej 13, 2450 København;Sydhavn;55.6517684;12.5379066;4.8;323;;31 21 49 90;https://paulicph.dk/;;No;No;https://www.google.com/maps/place/Pauli/data=!4m2!3m1!1s0x4652533d6ca7f7bb:0x1f07d699b2a949e4;success
Perron;Fastelavnsbolle;"Cafe; Al Fresco";Otto Busses Vej 45, 2450 København;Sydhavn;55.6583954;12.5427843;3.9;130;;;https://www.perroncph.dk/;;No;No;https://www.google.com/maps/place/Perron/data=!4m2!3m1!1s0x46525374332fc119:0xb6a2e77f1147712e;success
Pinden Bar;"Cocktails; Beer";Bar;Reventlowsgade 4, 1651 Vesterbro;Vesterbro;55.6733667;12.5627836;4.3;291;;;https://www.instagram.com/pindenbar/;;No;No;https://www.google.com/maps/place/Pinden+Bar/data=!4m2!3m1!1s0x4652530ce5e2190f:0x97f491638c65edc4;success
POPL Burger;Burgers;Restaurant;Strandgade 108, 1401 København;Indre By;55.6776052;12.5977571;4.0;2,483;;32 96 32 92;https://poplburger.com/;;No;No;https://www.google.com/maps/place/POPL+Burger/data=!4m2!3m1!1s0x4652531d844fec25:0x2c8bd5cba93ff412;success
Poulette;Burgers;Take Away;Møllegade 1, 2200 København;Nørrebro;55.6904923;12.5552853;4.0;1,109;;;http://etteetteette.dk/poulette;Closed · Opens 11.00 am Tue;No;No;https://www.google.com/maps/place/Poulette/data=!4m2!3m1!1s0x4652530e4aadfd59:0x8acb0aec1fb999e5;success
Propaganda;Asian;Restaurant;Vester Farimagsgade 2, 1606 København;Vesterbro;55.6747759;12.5623375;4.1;314;;33 38 22 00;http://propagandakitchen.dk/;Closed · Opens 5.00 pm Mon;No;No;https://www.google.com/maps/place/Propaganda+Kitchen+%26+Wine/data=!4m2!3m1!1s0x465253f4f79be187:0xaf2114d6b51cbf20;success
Pulp bar;Cocktails;Bar;Sankt Hans Torv 3, 2200 København;Nørrebro;55.6904593;12.5604575;4.8;213;;;http://www.pulpbar.dk/;Open · Closes 1.00 am;No;No;https://www.google.com/maps/place/Pulp+bar/data=!4m2!3m1!1s0x465253ab515d5365:0xc291f1e6c2701412;success
Rebel;New Nordic;Restaurant;Store Kongensgade 52, 1264 København;Indre By;55.6834256;12.5870961;4.3;436;;33 32 32 09;http://www.restaurantrebel.dk/;;No;No;https://www.google.com/maps/place/Rebel/data=!4m2!3m1!1s0x46525318ed96dea7:0x34760d4128185a37;success
Reffen;Street Food;Al Fresco;Refshalevej 167, 1432 København;Refshaleøen;55.6936333;12.6082318;4.6;12,155;;33 93 07 60;http://reffen.dk/;Temporarily closed;No;Yes;https://www.google.com/maps/place/Reffen+-+Copenhagen+Street+Food/data=!4m2!3m1!1s0x465252d76903d127:0xdce7be4eb8549aa0;success
Gemini;New Nordic;Restaurant;Gl. Kongevej 10 fra søsiden, 1610 København V;Vesterbro;55.6744087;12.5576238;4.3;736;;61 10 01 78;https://norrlyst.dk/gemini/;Open · Closes 11.00 pm;No;No;https://www.google.com/maps/place/Restaurant+Gemini/data=!4m2!3m1!1s0x465253d2dd8ed8a9:0x4633250a75aef71a;success
Juju;Asian;Restaurant;Øster Farimagsgade 8, 2100 København;Østerbro;55.6898642;12.5750572;4.1;273;;28 74 93 40;http://jujucph.dk/;Closed · Opens 11.30 am Mon;No;No;https://www.google.com/maps/place/Restaurant+Juju/data=!4m2!3m1!1s0x4652532d1ffda0c7:0x28c5e36476181f37;success
Mielcke & Hurtigkarl;New Nordic;Restaurant;Frederiksberg Runddel 1, 2000 Frederiksberg;;55.6747223;12.5308566;4.8;277;;38 34 84 36;http://www.mhcph.com/;Closed · Opens 6.00 pm Wed;No;No;https://www.google.com/maps/place/Restaurant+Mielcke+%26+Hurtigkarl/data=!4m2!3m1!1s0x465253bd7d8b75bd:0xc046592bf85ceaca;success
Nagoya/Hufu;Asian;Restaurant;DK, Sølvgade 84, 1307 København;Indre By;55.6897378;12.5741199;4.1;617;;22 74 44 42;https://hufu-sushi.dk/;Closed · Opens 2.00 pm Mon;No;No;https://www.google.com/maps/place/Restaurant+Nagoya/data=!4m2!3m1!1s0x4652530323898399:0xae656db8f82cbf7a;success
Radio;New Nordic;Restaurant;Julius Thomsens Gade 12, 1632 København;Vesterbro;55.6821074;12.5544671;4.4;520;;25 10 27 33;http://www.restaurantradio.dk/;Closed · Opens 5.30 pm Tue;No;No;https://www.google.com/maps/place/Restaurant+Radio/data=!4m2!3m1!1s0x465253a78dc6a977:0x853407e553a7eafe;success
Væksthuset;New Nordic;Restaurant;Ekvipagemestervej 18, 1438 København K;Holmen;55.6808847;12.5999326;4.1;493;;61 10 15 83;https://norrlyst.dk/vaeksthuset/;Open · Closes 11.00 pm;No;No;https://www.google.com/maps/place/Restaurant+V%C3%A6ksthuset/data=!4m2!3m1!1s0x46525306cb70476f:0x76b4d28694e5616f;success
Retour Steak;Steak;Restaurant;Trommesalen 5, 1614 København;Vesterbro;55.6739472;12.5605354;4.3;1,177;;33 16 17 19;https://restaurantretour.dk/;Open · Closes 11.00 pm;No;No;https://www.google.com/maps/place/Retour+Steak+Vesterbro/data=!4m2!3m1!1s0x4652530c852f7501:0x50f69f404787665a;success
Rist;Coffee;Cafe;Værnedamsvej 4, B, 1619 København;Vesterbro;55.6732518;12.5500816;4.5;303;;33 31 47 77;http://www.ristkaffebar.dk/;Closed · Opens 8.00 am Mon;No;No;https://www.google.com/maps/place/Rist/data=!4m2!3m1!1s0x465253a0049e31ad:0xebf42b2d986d8455;success
Riviera;Fastelavnsbolle;Cafe;Nansensgade 64, 1366 København K;Indre By;55.6836487;12.5654745;4.3;189;;;;Closed · Opens 8.00 am Mon;No;No;https://www.google.com/maps/place/Riviera/data=!4m2!3m1!1s0x4652536bbaa4ac13:0x34e841e7c3cc40fb;success
ROAST Coffee;Coffee;Cafe;Vestmannagade 4, 2300 København;Amager;55.6683323;12.5795253;4.9;773;;;http://roast.com/;Closed · Opens 7.00 am Mon;No;No;https://www.google.com/maps/place/ROAST+Coffee/data=!4m2!3m1!1s0x4652536aee25278d:0xcb7b34ee823a5849;success
Rondo;Fastelavnsbolle;Bakery;Sjællandsgade 7, 2200 København;Nørrebro;55.6932303;12.5522123;4.5;276;;55 55 09 90;http://www.rondo.dk/;Closed · Opens 7.30 am Mon;No;No;https://www.google.com/maps/place/Rondo/data=!4m2!3m1!1s0x4652537ae0a512b3:0x72b66bc2215f7ca4;success
Rufino Osteria;Italian;Restaurant;Strandgade 14, 1401 København;Indre By;55.6733692;12.5891116;4.4;848;;81 90 10 67;https://www.rufino.dk/;Open · Closes 11.00 pm;No;No;https://www.google.com/maps/place/Rufino+Osteria/data=!4m2!3m1!1s0x4652533e8a09277f:0xaef32cbb2b47510f;success
Rug Bakery;Fastelavnsbolle;Cafe;Tietgensgade 39, 1704 København;Vesterbro;55.6712708;12.567272;4.5;1,038;;78 73 00 58;https://rugbakery.com/;Closed · Opens 7.00 am Mon;No;No;https://www.google.com/maps/place/Rug+Bakery/data=!4m2!3m1!1s0x46525359463436c3:0x9c0a400a20eca83e;success
San Marco JUNIOR;Brunch;Restaurant;Falkoner Alle 10, 2000 Frederiksberg;;55.6792282;12.5337791;4.6;966;;33 24 95 76;https://www.sanmarcojunior.dk/;Open · Closes 10.00 pm;No;No;https://www.google.com/maps/place/San+Marco+JUNIOR/data=!4m2!3m1!1s0x465253bc8e511a85:0x47c403042c66e17c;success
Sidecar;Brunch;Restaurant;Skyttegade 5, 2200 København;Nørrebro;55.6871005;12.5492969;4.5;1,540;;20 99 97 27;https://sidecarnoerrebro.dk/?utm_source=GMBwebsite&utm_medium=organic&utm_campaign=Google%20My%20Business;;No;No;https://www.google.com/maps/place/Sidecar/data=!4m2!3m1!1s0x465253a92aa9b74d:0xd18e88bb0537695a;success
Sinne gas bageri;Fastelavnsbolle;Bakery;Ryesgade 63, 2100 København;Østerbro;55.6945642;12.5705826;4.9;294;;;https://sinnegasbageri.dk/;Closed · Opens 8.00 am Mon;No;No;https://www.google.com/maps/place/Sinne+gas+bageri/data=!4m2!3m1!1s0x465253e902130051:0x3f6f375e56801295;success
Skipper Bageri;Fastelavnsbolle;Bakery;Østerbrogade 103, 3. th, 2100 København;Østerbro;55.7096286;12.5772439;4.6;262;;24 24 53 61;https://www.facebook.com/Skipper-bageri-107406865450827/;Closed · Opens 6.00 am Mon;No;No;https://www.google.com/maps/place/Skipper+Bageri/data=!4m2!3m1!1s0x465253da34838ac5:0xab3822dff8c8f5fa;success
Skodsborg Spa Hotel;For Thought;Hotel;Skodsborg Strandvej 139, 2942 Skodsborg;;55.819622;12.5741157;4.4;1,298;;45 58 58 00;https://skodsborg.dk/;;No;No;https://www.google.com/maps/place/Skodsborg+Spa+Hotel/data=!4m2!3m1!1s0x46524c0faebbb323:0x6892f8b47044496c;success
Slowburn Brewing Co-op;Beer;Bar;Fængselsvej 43, 2620 Albertslund;Albertslund;55.6603374;12.3469731;4.7;170;;31 31 35 41;https://slowburn.coop/;Closed · Opens 3.00 pm Wed;No;No;https://www.google.com/maps/place/Slowburn+Brewing+Co-op/data=!4m2!3m1!1s0x4652574f16779c53:0x3c5bd003e259e459;success
Social Foodies;Ice Cream;Al Fresco;Vedbæk Strandvej 391, 2950 Vedbæk;;55.8502656;12.5688246;4.4;184;;22 10 05 90;http://www.socialfoodies.dk/;Closed · Opens 10.00 am Mon;No;No;https://www.google.com/maps/place/Social+Foodies,+Vedb%C3%A6k/data=!4m2!3m1!1s0x46524be018975609:0x5a14fd9f5f0c9bee;success
Sonny;Coffee;Cafe;Frederiksberg Allé 12, 1820 Frederiksberg;Frederiksberg;55.673298;12.548232;4.2;153;;53 89 18 20;http://www.sonnycph.dk/;Closed · Opens 8.00 am Mon;No;No;https://www.google.com/maps/place/Sonny/data=!4m2!3m1!1s0x4652532b33d70543:0x5c915e699a2e5377;success
Spiseloppen;Vegetarian;Restaurant;Bådsmandsstræde 43, 1407 København K;Indre By;55.673821;12.5969631;4.4;445;;32 57 95 58;http://spiseloppen.dk/;Closed · Opens 5.00 pm Tue;No;No;https://www.google.com/maps/place/Spiseloppen/data=!4m2!3m1!1s0x4652533963ed387f:0xc7782eaad0829db4;success
SSAM;Asian;Restaurant;Colbjørnsensgade 7, 1652 København;Vesterbro;55.6726483;12.5620931;4.2;1,971;;28 18 35 18;http://ssam.dk/;;No;No;https://www.google.com/maps/place/SSAM/data=!4m2!3m1!1s0x4652530cc47b16d1:0x92bbd0496f8527ef;success
Sticks'n'Sushi;Asian;Restaurant;Arni Magnussons Gade 2, 1577 København;Vesterbro;55.6657773;12.5661667;4.4;2,111;;88 32 95 95;https://www.sticksnsushi.com/dk/en/restaurants/tivoli/;;No;No;https://www.google.com/maps/place/Sticks'n'Sushi/data=!4m2!3m1!1s0x4652536de2ad6529:0x3da6cd8e4066e59a;success
Sticks'n'Sushi;Asian;Restaurant;Gl. Kongevej 120, 1850 Frederiksberg;Frederiksberg;55.6764163;12.5420539;4.4;535;;33 29 00 10;https://www.sticksnsushi.com/dk/en/restaurants/frederiksberg/;;No;No;https://www.google.com/maps/place/Sticks'n'Sushi+Frederiksberg/data=!4m2!3m1!1s0x465253a23507e78d:0xf2949bb10cefaef8;success
Strøm;Cocktails;Bar;Niels Hemmingsens Gade 32, 1153 København;Indre By;55.6802524;12.5761216;4.5;596;;;http://www.strombar.dk/;Open · Closes 12.00 am;No;No;https://www.google.com/maps/place/Str%C3%B8m/data=!4m2!3m1!1s0x4652530e4f9f66ef:0x1240647ff62b68a4;success
studio x kitchen;Brunch;Cafe;Dronningens Tværgade 52, 1302 København;Indre By;55.6846875;12.5835836;4.6;613;;;http://instagram.com/studioxkitchen;Closed · Opens 8.30 am Mon;No;No;https://www.google.com/maps/place/studio+x+kitchen/data=!4m2!3m1!1s0x4652531aed91d959:0x66ae5e9f8f10b75c;success
Sult;Brunch;Restaurant;Vognmagergade 8 B, 1120 Indre By;Indre By;55.6827354;12.5783767;4.2;1,150;;33 74 34 17;https://meyers.dk/restaurant-sult/;Closed · Opens 5.00 pm Tue;No;No;https://www.google.com/maps/place/Sult/data=!4m2!3m1!1s0x4652531a150efe23:0x7b518c9d1fee5691;success
Tandoori Masala;Asian;"Restaurant; Take Away";Nørrebrogade 35, 2200 København N;Nørrebro;55.6883549;12.5587178;4.3;392;;35 35 35 27;http://www.tandoori-masala.dk/;;No;No;https://www.google.com/maps/place/Tandoori+Masala/data=!4m2!3m1!1s0x4652530756cd09cf:0x818af6ee22d52816;success
The Artisan;Coffee;Cafe;Sortedam Dossering 45A, 2200 København;Nørrebro;55.6919995;12.5688717;4.8;600;;;https://theartisan.dk/;Closed · Opens 8.00 am Mon;No;No;https://www.google.com/maps/place/The+Artisan+Copenhagen/data=!4m2!3m1!1s0x46525315e7a59919:0x9176f2485e069ac5;success
The Happiness Museum;For Thought;Museum;Admiralgade 19, 1066 København;Indre By;55.6779802;12.5820349;4.4;409;;;http://thehappinessmuseum.com/;Closed · Opens 11.00 am Mon;No;No;https://www.google.com/maps/place/The+Happiness+Museum/data=!4m2!3m1!1s0x465253ea82a29b47:0x70c8195bfc0e4693;success
The Hill House Museum;Coffee;Cafe;Rahbeks Alle 23, 1801 Frederiksberg;Frederiksberg;55.6683153;12.5321411;4.3;288;;69 13 80 90;https://frederiksbergmuseerne.dk/da/bakkehuset/;Temporarily closed;No;Yes;https://www.google.com/maps/place/The+Hill+House+Museum/data=!4m2!3m1!1s0x4652539a07e89d73:0x286b51e42c2bdf52;success
The Sixteen Twelve;Brunch;Cafe;Jægersborggade 8 KL TH, 2200 København;Nørrebro;55.6919857;12.5451002;4.5;584;;93 10 94 07;http://www.sixteentwelve.dk/;;No;No;https://www.google.com/maps/place/The+Sixteen+Twelve/data=!4m2!3m1!1s0x465253996115ee63:0xe0c6534cfaf49399;success
THE SPOT;Coffee;Cafe;Else Alfelts Vej 65, ST. TV, 2300 København;Amager;55.6185203;12.5693298;4.7;493;;42 90 54 83;http://thespot.dk/;Closed · Opens 8.00 am Mon;No;No;https://www.google.com/maps/place/THE+SPOT/data=!4m2!3m1!1s0x465255bc1477c0c3:0xe8b41b9247ef9fb4;success
The Taj Take Away;Asian;Take Away;Øresundsvej 22, 2300 København;Amager;55.6595952;12.6109001;4.1;106;;81 44 11 78;https://order.site/the-taj-amager/da/dnk;Closes soon · 9.00 pm · Opens 4.00 pm Mon;No;No;https://www.google.com/maps/place/The+Taj+Take+Away+%C3%98resundsvej/data=!4m2!3m1!1s0x4652514500e7cfef:0xf9adc40dc45a69;success
Tivoli Food Hall;Street Food;Take Away;Bernstorffsgade 3, 1577 København;Vesterbro;55.674297;12.5653477;4.2;5,130;;;https://www.tivoli.dk/mad-og-drikke/tivoli-food-hall?&utm_source=google&utm_medium=organic&utm_campaign=gmb;Closes soon · 9.00 pm · Opens 11.00 am Mon;No;No;https://www.google.com/maps/place/Tivoli+Food+Hall/data=!4m2!3m1!1s0x46525312b21fff39:0x7ebaf693e5fc09b5;success
Tommi's Burger Joint;Burgers;"Take Away; Al Fresco";Høkerboderne 21, 23, 1712 København;Vesterbro;55.6682667;12.5580631;4.3;2,788;;33 31 34 34;https://www.burgerjoint.dk/kodbyen;Closes soon · 9.00 pm · Opens 11.00 am Mon;No;No;https://www.google.com/maps/place/Tommi's+Burger+Joint+K%C3%B8dbyen/data=!4m2!3m1!1s0x46525311b33eedb7:0xb9e3acfe63e58e39;success
Torvehallerne;Street Food;Take Away;Frederiksborggade 21, 1362 København;Indre By;55.6837848;12.568928;4.5;15,962;;;http://torvehallernekbh.dk/;Closed · Opens 10.00 am Mon;No;No;https://www.google.com/maps/place/Torvehallerne/data=!4m2!3m1!1s0x465253051285311b:0x7374ede35ce9623b;success
Vega;For Thought;Music;Enghavevej 40, 1674 København;Vesterbro;55.6681108;12.5438031;4.5;4,241;;33 25 70 11;http://www.vega.dk/?utm_source=google&utm_medium=gmb&utm_campaign=websiteklik;;No;No;https://www.google.com/maps/place/Vega/data=!4m2!3m1!1s0x4652539e80687c13:0xf5202e524e3eb86f;success
Villette;Coffee;Cafe;Fælledvej 12, 2200 København;Nørrebro;55.6891635;12.5602974;4.1;171;;;http://etteetteette.dk/villette;Closed · Opens 11.00 am Tue;No;No;https://www.google.com/maps/place/Villette/data=!4m2!3m1!1s0x465253536aa12185:0x2a1cdb856354255b;success
Väkst;Vegetarian;Restaurant;Sankt Peders Stræde 34, 1453 København;Indre By;55.6788412;12.567143;4.6;3,016;;38 41 27 27;https://cofoco.dk/vaekst/?utm_source=google&utm_medium=organic&utm_campaign=gmb-website&utm_content=vaekst;;No;No;https://www.google.com/maps/place/V%C3%A4kst/data=!4m2!3m1!1s0x4652530e5a618fbd:0x250f6d91452f2666;success
Wafu Ramen;Asian;Restaurant;Falkoner Alle 84, st 1, 2000 Frederiksberg;;55.6850145;12.538459;4.6;476;;35 35 35 85;http://www.wafuramen.dk/;Open · Closes 10.00 pm;No;No;https://www.google.com/maps/place/Wafu+Ramen/data=!4m2!3m1!1s0x465253a48aeacb19:0x3b065e67267cac7e;success
Warpigs Brewpub;Beer;"Restaurant; Bar; Al Fresco";Flæsketorvet 25-37, 1711 København;Vesterbro;55.6685024;12.5599359;4.4;12,533;;43 48 48 48;https://warpigs.dk/;;No;No;https://www.google.com/maps/place/Warpigs+Brewpub/data=!4m2!3m1!1s0x46525373a478f7ad:0xf9643d7b32fac7c4;success
Wild Horses;"Pastry; Coffee";Cafe;Borgbjergsvej 1, tv, 2450 København SV;Sydhavn;55.6524558;12.5388505;4.8;204;;55 20 30 24;http://wildhorsescph.dk/;Temporarily closed;No;Yes;https://www.google.com/maps/place/Wild+Horses/data=!4m2!3m1!1s0x46525307500db4e5:0xc27b896fbd1216e6;success
Wulff & Konstali;Brunch;Cafe;Isafjordsgade 10, 2300 København;Amager;55.6654434;12.5781242;4.2;832;;32 54 81 81;https://www.wogk.dk/dk/islands-brygge;Closed · Opens 7.00 am Mon;No;No;https://www.google.com/maps/place/Wulff+%26+Konstali+-+Islands+Brygge/data=!4m2!3m1!1s0x4652536a3a2bee37:0x7ec6267fa1bbe18;success
Wulff & Konstali;Brunch;Cafe;Sankt Hans Torv 30, 2200 Nørrebro;Nørrebro;55.691041;12.560522;4.2;626;;32 54 81 81;https://www.wogk.dk/dk/norrebro;Closed · Opens 7.00 am Mon;No;No;https://www.google.com/maps/place/Wulff+%26+Konstali+-+N%C3%B8rrebro/data=!4m2!3m1!1s0x4652538052ded825:0x7b5eee727a34a2ff;success
Ych!;Pizza;Take Away;Enghave Pl. 9, 1670 København;Vesterbro;55.66687;12.5466159;4.2;260;;33 25 41 66;https://ych.dk/?utm_source=GMBwebsite&utm_medium=organic&utm_campaign=Google%20My%20Business;Open · Closes 10.00 pm;No;No;https://www.google.com/maps/place/Ych!/data=!4m2!3m1!1s0x4652539def7076a9:0xab989dd19841021;success
À Côté;Wine;Bar;Gothersgade 39, 1101 København K;Indre By;55.6822619;12.581818;4.1;16;;33 13 18 80;http://www.acote.dk/;Closed · Opens 11.00 am Wed;No;No;https://www.google.com/maps/place/%C3%80+C%C3%B4t%C3%A9/data=!4m2!3m1!1s0x465253dc2c902607:0xbf408f53d462b238;success
Ø12;Brunch;Cafe;Silkegade 1, 1113 København;Indre By;55.6799719;12.5794569;4.9;699;;42 41 97 09;http://12cph.dk/silkegade;Closed · Opens 8.00 am Sat;No;No;https://www.google.com/maps/place/%C3%9812+Coffee+%26+Eatery/data=!4m2!3m1!1s0x465253005dff5071:0x9814f111daa59fe8;success
Ørsted Ølbar;Beer;Bar;Nørre Farimagsgade 13, 1364 Indre By;Indre By;55.681263;12.564474;4.4;1,084;;;https://www.facebook.com/p/%C3%98rsted-%C3%98lbar-100064110938320/?locale=da_DK;Open · Closes 11.00 pm;No;No;https://www.google.com/maps/place/%C3%98rsted+%C3%98lbar/data=!4m2!3m1!1s0x4652530f47ad1921:0x5913881a8d8ec4;success