name,keywords,address,latitude,longitude,rating,reviews_count,price_level,phone,website,hours,permanently_closed,description,original_tags,original_comment,url,status
Leckerbaer,Cake shop,"Ryesgade 118, 2100 København Ø ",506720377132.3854,204729964593.4162,4.6,241,,28 40 48 64,http://leckerbaer.dk/,,No,,,,https://www.google.com/maps/place/Leckerbaer/data=!4m2!3m1!1s0x465252fc9a472a3b:0x1c69782f50b04f89,success
Andersen & Maillard,Coffee shop,"Antwerpengade 10, 2150 København ",506720406438.43085,1275151136980.993,4.4,561,,33 32 23 22,https://www.andersenmaillard.dk/,,No,,,,https://www.google.com/maps/place/Andersen+%26+Maillard/data=!4m2!3m1!1s0x46525340d60ad511:0xb0f67808cae024e9,success
Collective Bakery,"price
5; cheese
6; coffee
23; sesame
4; Bakery","Nørrebrogade 176, 2200 København ",506720432571.98315,542530586396.07806,4.3,141,,31 36 75 33,https://www.collectivebakery.dk/,,No,,,,https://www.google.com/maps/place/Collective+Bakery/data=!4m2!3m1!1s0x4652537daeda7453:0x4b4a8ef15339e121,success
Bageriet Benji,"buns
8; takeaway
7; cardamom
10; filtered coffee
6; Pastry shop","Mjølnerparken 52, 2200 København N ",506720450420.96423,1030547079786.625,4.5,190,,,https://www.earnest-eats.dk/projects-1/benji,,No,,,,https://www.google.com/maps/place/Bageriet+Benji/data=!4m2!3m1!1s0x465253a73dacd217:0x8f04631805fab283,success
Sinne gas bageri,Bakery,"Ryesgade 63, 2100 København ",506720478667.7547,457093302082.7063,4.9,284,,,https://sinnegasbageri.dk/,,No,,,,https://www.google.com/maps/place/Sinne+gas+bageri/data=!4m2!3m1!1s0x465253e902130051:0x3f6f375e56801295,success
La Cabra,"Coffee roasters; pastry
4; barista
3; atmosphere
3; interiors
2","Århusgade 118X, 2150 København ",506720387462.8562,420020264921.9729,4.5,43,,,https://lacabra.com/pages/nordhavn,,No,,,,https://www.google.com/maps/place/La+Cabra/data=!4m2!3m1!1s0x46525314a7b7ede7:0x3a4a1e0f4b65854f,success
Skipper Bageri,"cinnamon buns
10; pistachio croissant
15; selection
7; coffee
22; Bakery","Østerbrogade 103, 3. th, 2100 København ",506720472309.9274,1233764952023.348,4.6,253,,24 24 53 61,https://www.facebook.com/Skipper-bageri-107406865450827/,,No,,,,https://www.google.com/maps/place/Skipper+Bageri/data=!4m2!3m1!1s0x465253da34838ac5:0xab3822dff8c8f5fa,success
DILLON,"pistachio
8; cone
7; coffee
11; gelato
14; Bakery","Tåsingegade 51, 2100 København ",506720381179.4004,516421244579.6305,4.7,73,,71 55 43 28,https://www.instagram.com/dillon.cph/,,No,,,,https://www.google.com/maps/place/DILLON/data=!4m2!3m1!1s0x46525306067ca7f5:0x47aaf7dcb857086f,success
Rug Bakery,Bakery,"Tietgensgade 39, 1704 København ",506720416934.5284,1124386982763.513,4.5,"1,003",,78 73 00 58,https://rugbakery.com/,,No,,,,https://www.google.com/maps/place/Rug+Bakery/data=!4m2!3m1!1s0x46525359463436c3:0x9c0a400a20eca83e,success
Perron,"coffee
9; brunch
5; croissants
5; experience
4; Bakery","Otto Busses Vej 45, 2450 København ",506720428499.0341,1316033558977.1802,4.0,126,,,https://www.perroncph.dk/,,No,,,,https://www.google.com/maps/place/Perron/data=!4m2!3m1!1s0x46525374332fc119:0xb6a2e77f1147712e,success
Cakenhagen Vesterbrogade,"choice
5; cafe
6; hot chocolate
5; danish pastry
7; Patisserie","Vesterbrogade 1, 1620 København ",506720424150.7219,795300652599.872,4.5,93,,88 70 00 00,https://www.nimb.dk/restaurant-bar/cakenhagen?utm_source=google&utm_medium=organic&utm_campaign=gbp-cakenhagen-vesterbrogade,,No,,,,https://www.google.com/maps/place/Cakenhagen+Vesterbrogade/data=!4m2!3m1!1s0x4652536a1363f95b:0x6e5ec14d6e846534,success
Det Franske Konditori,Pastry shop,"H. C. Ørsteds Vej 44, 1879 Frederiksberg C ",506720450292.3816,1220053446958.156,4.5,92,,35 35 15 46,http://detfranskeconditori.dk/,,No,,,,https://www.google.com/maps/place/Det+Franske+Konditori/data=!4m2!3m1!1s0x465253a6f108ad7d:0xa951017679515b2f,success
Hart,"latte
5; spandauer
3; croissant
7; cardamom
7; Bakery","Julius Bloms Gade 32, 2200 København ",506720378673.7291,1102864957321.131,4.2,85,,,https://hartbageri.com/,,No,,,,https://www.google.com/maps/place/Hart/data=!4m2!3m1!1s0x4652530030fd8f4f:0x990da25bc38605ec,success
Andersen Bakery,Bakery,"Thorshavnsgade 26, 2300 Amager Vest ",506720384368.13354,29771363969.94158,4.6,"2,627",,33 75 07 35,https://andersen-bakery-eu.dk/,,No,,,,https://www.google.com/maps/place/Andersen+Bakery/data=!4m2!3m1!1s0x4652530d731eb667:0x421b0fb5b128311,success
Riviera,Bakery,"Nansensgade 64, 1366 København K ",506720424860.8222,381236954395.2351,4.3,176,,,,,No,,,,https://www.google.com/maps/place/Riviera/data=!4m2!3m1!1s0x4652536bbaa4ac13:0x34e841e7c3cc40fb,success
Maison d'Angleterre,Bakery,"Østergade 2, 1100 København K ",506720379008.5198,543970114223.779,4.3,82,,78 79 51 87,https://www.dangleterre.com/en/maison-dangleterre?utm_source=maisonGMB&utm_medium=organic,,No,,,,https://www.google.com/maps/place/Maison+d'Angleterre/data=!4m2!3m1!1s0x46525300f88a9071:0x4b7db35f3b5ec14b,success
Flere Fugle,Bakery,"Rentemestervej 57, 2400 København ",506720470735.2705,1711548114738.864,4.3,677,,93 63 42 01,http://www.flerefugle.dk/,,No,,,,https://www.google.com/maps/place/Flere+Fugle/data=!4m2!3m1!1s0x465253d689f1f72f:0xed86676cfdfeb8ff,success
Rondo,Pastry shop,"Sjællandsgade 7, 2200 København ",506720431367.02924,826591264331.7891,4.5,273,,55 55 09 90,http://www.rondo.dk/,,No,,,,https://www.google.com/maps/place/Rondo/data=!4m2!3m1!1s0x4652537ae0a512b3:0x72b66bc2215f7ca4,success
Hart,Bakery,"Refshalevej 159A, 1432 København ",506720455653.4396,379823918242.67426,4.6,290,,,https://hartbageri.com/,,No,,,,https://www.google.com/maps/place/Hart/data=!4m2!3m1!1s0x465253b36c793463:0x34b60e6a98842084,success
Hart Bageri,"coffee
19; spandauer
3; cardamom
14; croissant
24; Bakery","Istedgade 61, 1650 København ",506720440798.8633,552225450604.2213,4.6,139,,,http://hartbageri.com/,,No,,,,https://www.google.com/maps/place/Hart+Bageri/data=!4m2!3m1!1s0x46525390d674bd49:0x4ca2fd380ff2429d,success
Københavns Bageri,"price
8; croissant
16; cardamom buns
12; Pastry shop; kringle
9","Flaskehalsen 22, 1799 København ",506720397574.1447,292542600826.43225,4.6,247,,,https://www.earnest-eats.dk/projects-1/koebenhavnsbageri,,No,,,,https://www.google.com/maps/place/K%C3%B8benhavns+Bageri/data=!4m2!3m1!1s0x4652532c32841b61:0x289933757748ada0,success
Juno the bakery,Bakery,"Århusgade 48, 2100 København ",506720371809.61334,7997061342.325634,4.7,"3,642",,,https://www.junothebakery.com/,,No,,,,https://www.google.com/maps/place/Juno+the+bakery/data=!4m2!3m1!1s0x465252f035a89c17:0x11c1cda65903316,success
Alice Ice Cream & Coffee,"buns
12; ice cream
90; Coffee shop; cinnamon rolls
15; cardamom bun
12","Markmandsgade 1, Amagerbrogade 5, 2300 København ",506720402839.138,261720289081.03265,4.5,569,,,https://www.earnest-eats.dk/projects-1/alice-63gjd,,No,,,,https://www.google.com/maps/place/Alice+Ice+Cream+%26+Coffee/data=!4m2!3m1!1s0x4652533874b25553:0x24522c2aa3dffe0d,success
Andersen Bakery,Bakery,"Ørestads Blvd. 49A, 2300 København ",506720664205.27185,473052790390.4827,4.7,420,,33 75 07 35,https://andersen-bakery-eu.dk/,,No,,,,https://www.google.com/maps/place/Andersen+Bakery/data=!4m2!3m1!1s0x46525598ff0d609b:0x41a63611b0520691,success
Format Café,"price
8; pastries
8; museum
12; Cafe; design
8","Bredgade 68, 1260 København ",506720443561.4035,187351419503.5034,3.8,124,,40 99 88 10,http://formatcafe.dk/,,No,,,,https://www.google.com/maps/place/Format+Caf%C3%A9/data=!4m2!3m1!1s0x46525397450eeb39:0x1a000f3cecb71130,success
Andersen & Maillard,Coffee shop,"Nørrebrogade 62, 2200 København N ",506720299712.50507,1062848118055.6263,4.4,"1,933",,,https://www.andersenmaillard.dk/,,No,,,,https://www.google.com/maps/place/Andersen+%26+Maillard/data=!4m2!3m1!1s0x46525248586eef61:0x937ff35354fafcad,success
Meyers Bageri,"cinnamon bun
60; danish
9; Pastry shop; oven
6; prices
6","Jægersborggade 9, 2200 København ",506720453144.6619,650416793852.3661,4.6,412,,25 10 11 34,https://meyers.dk/bageri/meyers-bagerier/meyers-bageri-jaegersborggade/,,No,,,,https://www.google.com/maps/place/Meyers+Bageri/data=!4m2!3m1!1s0x465253ad95201c67:0x5a4372488f3002af,success
Daniali & Schiøtz Bageri,Bakery,"Falkoner Alle 36, 2000 Frederiksberg ",506720458927.93787,1560306536941.721,4.5,263,,50 58 98 29,https://instagram.com/danialischioetz?igshid=MzRlODBiNWFlZA==,,No,,,,https://www.google.com/maps/place/Daniali+%26+Schi%C3%B8tz+Bageri/data=!4m2!3m1!1s0x465253bb0c39fbc9:0xd8893949ef4fd779,success
Ard Bakery,Bakery,"Peter Bangs Vej 95, 2000 Frederiksberg ",506720462365.52673,1086654412743.8678,4.4,223,,31 31 38 24,http://www.ardbakery.dk/,,No,,,,https://www.google.com/maps/place/Ard+Bakery/data=!4m2!3m1!1s0x465253c30d306aa7:0x96cdb8507c16e76c,success
